-- phpMyAdmin SQL Dump
-- version 5.0.4
-- https://www.phpmyadmin.net/
--
-- Host: 127.0.0.1
-- Generation Time: Apr 27, 2021 at 11:40 AM
-- Server version: 10.4.17-MariaDB
-- PHP Version: 7.3.27

SET SQL_MODE = "NO_AUTO_VALUE_ON_ZERO";
START TRANSACTION;
SET time_zone = "+00:00";


/*!40101 SET @OLD_CHARACTER_SET_CLIENT=@@CHARACTER_SET_CLIENT */;
/*!40101 SET @OLD_CHARACTER_SET_RESULTS=@@CHARACTER_SET_RESULTS */;
/*!40101 SET @OLD_COLLATION_CONNECTION=@@COLLATION_CONNECTION */;
/*!40101 SET NAMES utf8mb4 */;

--
-- Database: `mrp`
--

-- --------------------------------------------------------

--
-- Table structure for table `bom`
--

CREATE TABLE `bom` (
  `id` int(11) NOT NULL,
  `kode` varchar(25) NOT NULL,
  `material` varchar(11) NOT NULL,
  `berat` decimal(11,2) NOT NULL,
  `qty` int(11) NOT NULL,
  `qty2` int(11) NOT NULL,
  `satuan` varchar(11) NOT NULL,
  `status` varchar(1) NOT NULL,
  `use_status` varchar(1) DEFAULT NULL
) ENGINE=InnoDB DEFAULT CHARSET=latin1;

--
-- Dumping data for table `bom`
--

INSERT INTO `bom` (`id`, `kode`, `material`, `berat`, `qty`, `qty2`, `satuan`, `status`, `use_status`) VALUES
(4, '6351-5296', '129', '56.30', 42, 0, '1', '1', NULL),
(5, '7142-6243-51', '132', '3.45', 1600, 0, '1', '1', NULL),
(6, '7142-6294-51', '133', '4.20', 1600, 0, '1', '1', NULL),
(7, '7152-5603-30', '134', '15.20', 455, 0, '1', '1', NULL),
(8, '7154-0826-30', '135', '32.50', 225, 0, '1', '1', NULL),
(9, '7254-0955-30', '258', '33.00', 150, 0, '1', '1', NULL),
(10, '7154-7540-30', '136', '80.50', 48, 0, '1', '1', NULL),
(11, '7154-7542-30', '137', '77.30', 30, 0, '1', '1', NULL),
(12, '7154-7618-30', '138', '82.90', 30, 0, '1', '1', NULL),
(13, '7154-7873-30', '139', '9.35', 800, 0, '1', '1', NULL),
(14, '7154-7874-30', '140', '3.70', 800, 0, '1', '1', NULL),
(15, '7154-7940-30', '141', '14.30', 600, 0, '1', '1', NULL),
(16, '7271-1296-3W', '261', '59.50', 116, 0, '1', '1', NULL),
(17, '7271-1441-3W', '265', '590.60', 8, 0, '1', '1', NULL),
(18, '7171-1463-30', '142', '230.90', 10, 0, '1', '1', NULL),
(19, '7271-1884-3W', '268', '276.20', 10, 0, '1', '1', NULL),
(20, '7271-1888-3W', '269', '285.80', 10, 0, '1', '1', NULL),
(21, '7171-2116', '143', '38.60', 150, 0, '1', '1', NULL),
(22, '7171-5408-30', '145', '131.30', 18, 0, '1', '1', NULL),
(23, '7171-6047', '146', '125.00', 40, 0, '1', '1', NULL),
(24, '7171-6048', '147', '124.30', 40, 0, '1', '1', NULL),
(25, '7171-6330-30', '148', '15.80', 750, 0, '1', '1', NULL),
(26, '7171-6334-30', '149', '4.20', 3600, 0, '1', '1', NULL),
(27, '7171-6335-30', '150', '3.90', 4000, 0, '1', '1', NULL),
(28, '7171-6395-30', '151', '50.40', 128, 0, '1', '1', NULL),
(29, '7171-6396-30', '152', '13.80', 300, 0, '1', '1', NULL),
(30, '7171-6444', '154', '18.00', 216, 0, '1', '1', NULL),
(31, '7171-7072-30', '155', '6.10', 600, 0, '1', '1', NULL),
(32, '7171-8385', '156', '25.50', 238, 0, '1', '1', NULL),
(33, '7173-2669', '159', '5.70', 1000, 0, '1', '1', NULL),
(34, '7273-2679-0W', '280', '29.00', 200, 0, '1', '1', NULL),
(35, '7173-2680', '160', '24.70', 120, 0, '1', '1', NULL),
(36, '7173-2688', '161', '5.10', 1600, 0, '1', '1', NULL),
(37, '7173-2786', '162', '10.65', 600, 0, '1', '1', NULL),
(38, '7273-3015-3W', '283', '56.20', 40, 0, '1', '1', NULL),
(39, '7173-3016-30', '163', '21.00', 80, 0, '1', '1', NULL),
(40, '7273-3017-3W', '284', '60.80', 40, 0, '1', '1', NULL),
(41, '7173-3018-30', '164', '21.60', 80, 0, '1', '1', NULL),
(42, '7173-4797-30', '165', '23.60', 300, 0, '1', '1', NULL),
(43, '7173-4799-30', '166', '23.60', 300, 0, '1', '1', NULL),
(44, '7176-0044-30', '167', '234.00', 240, 0, '1', '1', NULL),
(45, '7176-0045-30', '168', '7.50', 800, 0, '1', '1', NULL),
(46, '7176-0190-30', '169', '44.60', 75, 0, '1', '1', NULL),
(47, '7276-0191-3W', '289', '59.20', 45, 0, '1', '1', NULL),
(48, '7176-0192-30', '170', '24.90', 280, 0, '1', '1', NULL),
(49, '7176-0194-30', '171', '40.80', 100, 0, '1', '1', NULL),
(50, '7176-0196-30', '172', '18.30', 360, 0, '1', '1', NULL),
(51, '7176-0198-30', '173', '24.00', 220, 0, '1', '1', NULL),
(52, '7176-0200-30', '174', '47.70', 80, 0, '1', '1', NULL),
(53, '7176-0202-30', '175', '24.80', 224, 0, '1', '1', NULL),
(54, '7176-0205-30', '176', '45.40', 48, 0, '1', '1', NULL),
(55, '7176-0206-30', '177', '16.15', 420, 0, '1', '1', NULL),
(56, '7176-0208-30', '178', '10.80', 500, 0, '1', '1', NULL),
(57, '7276-0236-5W', '291', '28.40', 140, 0, '1', '1', NULL),
(58, '7276-0242-5W', '292', '31.80', 120, 0, '1', '1', NULL),
(59, '7276-0451-3W', '293', '92.80', 40, 0, '1', '1', NULL),
(60, '7176-0452-30', '179', '21.50', 160, 0, '1', '1', NULL),
(61, '7276-0615-3W', '294', '104.10', 16, 0, '1', '1', NULL),
(62, '7276-0618-3W', '297', '64.40', 36, 0, '1', '1', NULL),
(63, '7276-0619-3W', '298', '99.80', 28, 0, '1', '1', NULL),
(64, '7176-0920-50', '180', '48.60', 144, 0, '1', '1', NULL),
(65, '7176-0922-50', '181', '17.60', 200, 0, '1', '1', NULL),
(66, '7176-1180', '182', '22.80', 200, 0, '1', '1', NULL),
(67, '7276-1715-3W', '300', '98.20', 30, 0, '1', '1', NULL),
(68, '7176-1716-30', '183', '19.20', 400, 0, '1', '1', NULL),
(69, '7276-1721-3W', '301', '59.20', 70, 0, '1', '1', NULL),
(70, '7176-1722-30', '184', '31.10', 200, 0, '1', '1', NULL),
(71, '7276-2032-5W', '302', '112.00', 50, 0, '1', '1', NULL),
(72, '7276-2033-5W', '303', '87.90', 64, 0, '1', '1', NULL),
(73, '7176-2272-30', '185', '24.35', 180, 0, '1', '1', NULL),
(74, '7276-2273-3W', '305', '55.90', 80, 0, '1', '1', NULL),
(75, '7176-2274-30', '186', '23.70', 174, 0, '1', '1', NULL),
(76, '7176-2275-30', '187', '15.60', 450, 0, '1', '1', NULL),
(77, '7176-2448-30', '188', '20.40', 240, 0, '1', '1', NULL),
(78, '7176-2450-30', '189', '14.40', 350, 0, '1', '1', NULL),
(79, '7276-2451-3W', '308', '103.80', 24, 0, '1', '1', NULL),
(80, '7176-2452-30', '190', '32.75', 200, 0, '1', '1', NULL),
(81, '7276-2453-3W-A', '309', '171.20', 20, 0, '1', '1', NULL),
(82, '7176-2454-30-A', '191', '63.10', 120, 0, '1', '1', NULL),
(83, '7176-2469-30', '192', '35.70', 120, 0, '1', '1', NULL),
(84, '7176-2470-30', '193', '6.10', 1300, 0, '1', '1', NULL),
(85, '7276-2471-3W', '311', '24.20', 210, 0, '1', '1', NULL),
(86, '7176-2472-30', '194', '8.90', 700, 0, '1', '1', NULL),
(87, '7276-2475-3W', '312', '99.70', 16, 0, '1', '1', NULL),
(88, '7176-2476-30', '195', '48.70', 100, 0, '1', '1', NULL),
(89, '7176-2479-30', '196', '8.40', 900, 0, '1', '1', NULL),
(90, '7176-2481-30', '197', '49.30', 72, 0, '1', '1', NULL),
(91, '7276-2482-3W', '314', '144.00', 16, 0, '1', '1', NULL),
(92, '7176-2483-30', '198', '59.80', 160, 0, '1', '1', NULL),
(93, '7276-2484-3W', '315', '131.90', 22, 0, '1', '1', NULL),
(94, '7276-2485-3W', '316', '63.80', 42, 0, '1', '1', NULL),
(95, '7176-2488-30', '199', '10.75', 450, 0, '1', '1', NULL),
(96, '7176-3540-30', '200', '9.20', 840, 0, '1', '1', NULL),
(97, '7276-3732-3W', '317', '25.80', 218, 0, '1', '1', NULL),
(98, '7176-4122-30', '201', '27.70', 280, 0, '1', '1', NULL),
(99, '7176-4683-30', '202', '12.50', 960, 0, '1', '1', NULL),
(100, '7176-4684-30', '203', '4.20', 2000, 0, '1', '1', NULL),
(101, '7176-4735-30', '204', '18.00', 200, 0, '1', '1', NULL),
(102, '7176-4736-30', '205', '8.40', 450, 0, '1', '1', NULL),
(103, '7176-5263-30', '206', '15.20', 550, 0, '1', '1', NULL),
(104, '7176-5264-30', '207', '20.80', 352, 0, '1', '1', NULL),
(105, '7176-5265-30', '208', '7.60', 900, 0, '1', '1', NULL),
(106, '7176-5399-30', '209', '26.50', 150, 0, '1', '1', NULL),
(107, '7176-5558-30', '216', '18.00', 156, 0, '1', '1', NULL),
(108, '7176-5559-30', '218', '10.80', 660, 0, '1', '1', NULL),
(109, '7284-6030-3W', '328', '60.00', 50, 0, '1', '1', NULL),
(110, '7184-6031-30', '226', '28.80', 200, 0, '1', '1', NULL),
(111, '7284-6032-3W', '329', '32.20', 200, 0, '1', '1', NULL),
(112, '7184-6033-30', '227', '12.80', 500, 0, '1', '1', NULL),
(113, '7184-6366-30', '229', '33.00', 100, 0, '1', '1', NULL),
(114, '7184-7952-30', '230', '11.00', 300, 0, '1', '1', NULL),
(115, '7184-9427', '231', '28.40', 75, 0, '1', '1', NULL),
(116, '7184-9428', '232', '18.30', 270, 0, '1', '1', NULL),
(117, '7184-9430', '233', '27.30', 60, 0, '1', '1', NULL),
(118, '7184-9431', '234', '17.90', 180, 0, '1', '1', NULL),
(119, '7184-9432', '235', '30.20', 60, 0, '1', '1', NULL),
(120, '7184-9433', '236', '20.80', 180, 0, '1', '1', NULL),
(121, '7184-9434', '237', '30.50', 90, 0, '1', '1', NULL),
(122, '7184-9435', '238', '18.30', 270, 0, '1', '1', NULL),
(123, '7184-9440', '239', '22.60', 150, 0, '1', '1', NULL),
(124, '7184-9441', '240', '23.50', 150, 0, '1', '1', NULL),
(125, '7284-9442-3W', '330', '85.80', 50, 0, '1', '1', NULL),
(126, '7184-9443-30', '241', '20.80', 200, 0, '1', '1', NULL),
(127, '7284-9444-3W', '331', '85.50', 50, 0, '1', '1', NULL),
(128, '7184-9461-30', '242', '15.10', 400, 0, '1', '1', NULL),
(129, '7184-9462-30', '243', '8.20', 600, 0, '1', '1', NULL),
(130, '7184-9473-30', '244', '16.80', 400, 0, '1', '1', NULL),
(131, '7184-9474-30', '245', '7.80', 600, 0, '1', '1', NULL),
(132, '7184-9603', '246', '36.10', 180, 0, '1', '1', NULL),
(133, '7184-9691', '247', '88.40', 45, 0, '1', '1', NULL),
(134, '7184-9829-30', '248', '36.20', 160, 0, '1', '1', NULL),
(135, '7284-9830-3W', '332', '61.30', 40, 0, '1', '1', NULL),
(136, '7184-9833-30', '249', '33.40', 200, 0, '1', '1', NULL),
(137, '7284-9834-3W', '333', '60.00', 45, 0, '1', '1', NULL),
(138, '7284-9836-3W', '335', '81.80', 50, 0, '1', '1', NULL),
(139, '7184-9837-30', '250', '24.30', 200, 0, '1', '1', NULL),
(140, '7284-9838-3W', '336', '67.30', 40, 0, '1', '1', NULL),
(141, '7184-9839-30', '251', '26.50', 160, 0, '1', '1', NULL),
(142, '7185-0273-51', '252', '3.40', 1600, 0, '1', '1', NULL),
(143, '7254-7988-3W', '259', '83.50', 32, 0, '1', '1', NULL),
(144, '7271-1295-3W', '260', '208.20', 18, 0, '1', '1', NULL),
(145, '7271-1297-3W', '262', '358.30', 6, 0, '1', '1', NULL),
(146, '7271-1413-3W', '263', '279.80', 12, 0, '1', '1', NULL),
(147, '7271-1414-3W', '264', '279.80', 12, 0, '1', '1', NULL),
(148, '7271-1596-3W', '266', '599.40', 6, 0, '1', '1', NULL),
(149, '7271-1597-3W', '267', '611.40', 6, 0, '1', '1', NULL),
(150, '7271-6331-3W', '273', '8.90', 900, 0, '1', '1', NULL),
(151, '7271-7090-3W', '275', '160.80', 12, 0, '1', '1', NULL),
(152, '7271-7231-3W', '276', '295.00', 8, 0, '1', '1', NULL),
(153, '7273-2800-3W', '281', '42.90', 40, 0, '1', '1', NULL),
(154, '7273-2801-3W', '282', '43.50', 40, 0, '1', '1', NULL),
(155, '7273-3067-30', '285', '54.30', 24, 0, '1', '1', NULL),
(156, '7273-3068-30', '286', '50.70', 24, 0, '1', '1', NULL),
(157, '7273-4796-3W', '287', '74.90', 36, 0, '1', '1', NULL),
(158, '7273-4798-3W', '288', '74.90', 36, 0, '1', '1', NULL),
(159, '7276-0207-3W', '290', '19.80', 306, 0, '1', '1', NULL),
(160, '7276-0616-3W', '295', '78.10', 32, 0, '1', '1', NULL),
(161, '7276-0617-3W', '296', '47.40', 70, 0, '1', '1', NULL),
(162, '7276-0620-3W', '299', '57.00', 48, 0, '1', '1', NULL),
(163, '7276-2271-3W', '304', '58.40', 26, 0, '1', '1', NULL),
(164, '7276-2447-3W', '306', '60.10', 48, 0, '1', '1', NULL),
(165, '7276-2449-3W', '307', '58.50', 72, 0, '1', '1', NULL),
(166, '7276-2468-3W', '310', '69.20', 30, 0, '1', '1', NULL),
(167, '7276-2468-3W', '310', '69.20', 30, 0, '1', '1', NULL),
(168, '7276-2480-3W', '313', '87.80', 16, 0, '1', '1', NULL),
(169, '7276-5262-3W', '318', '67.30', 40, 0, '1', '1', NULL),
(170, '7284-9835-3W', '334', '27.40', 90, 0, '1', '1', NULL),
(171, '6910-8534', '130', '11.80', 100, 0, '1', '1', NULL),
(172, '6910-8535', '131', '8.50', 100, 0, '1', '1', NULL),
(173, '7171-2188-30', '144', '21.00', 1092, 0, '1', '1', NULL),
(174, '7171-6443', '153', '10.80', 480, 0, '1', '1', NULL),
(175, '7171-8403-30', '157', '22.00', 72, 0, '1', '1', NULL),
(176, '7171-9408-30', '158', '0.00', 1, 0, '1', '1', NULL),
(177, '7176-5458-30', '210', '22.00', 110, 0, '1', '1', NULL),
(178, '7176-5459-30', '211', '26.90', 168, 0, '1', '1', NULL),
(179, '7176-5460-30', '212', '9.90', 600, 0, '1', '1', NULL),
(180, '7176-5464-30', '213', '36.00', 48, 0, '1', '1', NULL),
(181, '7176-5466-30', '214', '14.00', 78, 0, '1', '1', NULL),
(182, '7176-5468-30', '215', '22.00', 110, 0, '1', '1', NULL),
(184, '7176-5594-99', '219', '68.80', 40, 0, '1', '1', NULL),
(185, '7176-5595-99', '220', '68.80', 40, 0, '1', '1', NULL),
(186, '7176-5598', '221', '44.00', 265, 0, '1', '1', NULL),
(187, '7176-5599', '222', '44.00', 265, 0, '1', '1', NULL),
(188, '7176-5600', '223', '15.50', 350, 0, '1', '1', NULL),
(189, '7176-5601', '224', '15.90', 350, 0, '1', '1', NULL),
(190, '7176-5602', '225', '42.00', 2440, 0, '1', '1', NULL),
(191, '7184-6336-30', '228', '32.50', 40, 0, '1', '1', NULL),
(192, '7242-6333-30', '253', '51.50', 40, 0, '1', '1', NULL),
(194, '7242-6336-30', '255', '90.22', 40, 0, '1', '1', NULL),
(195, '7242-6339-30', '256', '163.28', 40, 0, '1', '1', NULL),
(196, '7242-6340-30', '257', '163.28', 40, 0, '1', '1', NULL),
(197, '7271-2146-3W', '270', '475.00', 4, 0, '1', '1', NULL),
(198, '7271-2185-3W', '271', '610.00', 4, 0, '1', '1', NULL),
(199, '7271-2304-3W', '272', '610.00', 4, 0, '1', '1', NULL),
(200, '7271-6481-3W', '274', '46.00', 64, 0, '1', '1', NULL),
(201, '7271-7257-3W', '277', '173.00', 8, 0, '1', '1', NULL),
(202, '7271-7278-3W', '278', '173.00', 8, 0, '1', '1', NULL),
(203, '7271-8354-3W', '279', '148.70', 12, 0, '1', '1', NULL),
(204, '7276-5457-3W', '319', '80.30', 42, 0, '1', '1', NULL),
(205, '7276-5461-3W', '320', '73.00', 20, 0, '1', '1', NULL),
(206, '7276-5463-3W', '321', '75.80', 36, 0, '1', '1', NULL),
(207, '7276-5465-3W', '322', '48.30', 12, 0, '1', '1', NULL),
(208, '7276-5467-3W', '323', '53.80', 74, 0, '1', '1', NULL),
(209, '7276-5592-0W', '324', '43.20', 140, 0, '1', '1', NULL),
(210, '7276-5593-0W', '325', '44.50', 140, 0, '1', '1', NULL),
(211, '7276-5596-99', '326', '68.80', 72, 0, '1', '1', NULL),
(212, '7276-5597-99', '327', '68.80', 72, 0, '1', '1', NULL);

-- --------------------------------------------------------

--
-- Table structure for table `bom_child`
--

CREATE TABLE `bom_child` (
  `id` int(11) NOT NULL,
  `bom_id` varchar(11) NOT NULL,
  `material` varchar(11) NOT NULL,
  `qty_usage` decimal(11,6) NOT NULL,
  `satuan` varchar(11) NOT NULL
) ENGINE=InnoDB DEFAULT CHARSET=latin1;

--
-- Dumping data for table `bom_child`
--

INSERT INTO `bom_child` (`id`, `bom_id`, `material`, `qty_usage`, `satuan`) VALUES
(9, '4', '71', '2.336561', '2'),
(10, '4', '81', '0.028039', '2'),
(11, '4', '31', '1.000000', '1'),
(12, '4', '43', '8.000000', '1'),
(13, '5', '73', '5.411765', '2'),
(14, '5', '84', '0.108235', '2'),
(15, '5', '18', '12.000000', '1'),
(16, '6', '73', '6.461538', '2'),
(17, '6', '84', '0.258462', '2'),
(18, '6', '18', '8.000000', '1'),
(19, '7', '71', '6.780392', '2'),
(20, '7', '88', '0.135608', '2'),
(21, '7', '40', '8.000000', '1'),
(22, '8', '57', '7.312500', '2'),
(23, '8', '23', '1.000000', '1'),
(24, '8', '40', '4.000000', '1'),
(25, '9', '64', '4.950000', '2'),
(26, '9', '10', '1.000000', '1'),
(27, '9', '40', '4.000000', '1'),
(28, '9', '92', '150.000000', '1'),
(29, '9', '93', '150.000000', '1'),
(30, '10', '77', '3.864000', '2'),
(31, '10', '40', '4.000000', '1'),
(32, '11', '77', '2.319000', '2'),
(33, '11', '40', '2.000000', '1'),
(34, '12', '77', '2.487000', '2'),
(35, '12', '40', '2.000000', '1'),
(36, '13', '69', '7.238710', '2'),
(37, '13', '88', '0.241290', '2'),
(38, '13', '18', '8.000000', '1'),
(39, '14', '69', '2.864516', '2'),
(40, '14', '88', '0.095484', '2'),
(41, '14', '18', '12.000000', '1'),
(42, '15', '69', '8.303226', '2'),
(43, '15', '88', '0.276774', '2'),
(44, '15', '22', '4.000000', '1'),
(45, '16', '64', '6.902000', '2'),
(46, '16', '120', '116.000000', '1'),
(47, '16', '125', '116.000000', '1'),
(48, '16', '121', '232.000000', '1'),
(49, '16', '94', '116.000000', '1'),
(50, '16', '95', '116.000000', '1'),
(51, '17', '78', '4.724800', '2'),
(52, '17', '106', '8.000000', '1'),
(53, '17', '109', '8.000000', '1'),
(54, '17', '44', '2.000000', '1'),
(55, '18', '77', '2.309000', '2'),
(56, '18', '40', '3.000000', '1'),
(57, '19', '78', '2.762000', '2'),
(58, '19', '106', '10.000000', '1'),
(59, '19', '96', '10.000000', '1'),
(60, '19', '123', '10.000000', '1'),
(61, '19', '40', '2.000000', '1'),
(62, '19', '47', '1.000000', '1'),
(63, '19', '48', '1.000000', '1'),
(64, '20', '78', '2.858000', '2'),
(65, '20', '106', '10.000000', '1'),
(66, '20', '96', '10.000000', '1'),
(67, '20', '123', '10.000000', '1'),
(68, '20', '40', '2.000000', '1'),
(69, '20', '47', '1.000000', '1'),
(70, '20', '48', '1.000000', '1'),
(71, '21', '71', '5.790000', '2'),
(72, '21', '10', '1.000000', '1'),
(73, '21', '40', '5.000000', '1'),
(74, '22', '77', '2.363400', '2'),
(75, '22', '40', '3.000000', '1'),
(76, '23', '69', '5.000000', '2'),
(77, '23', '10', '1.000000', '1'),
(78, '23', '40', '6.000000', '1'),
(79, '24', '69', '4.972000', '2'),
(80, '24', '10', '1.000000', '1'),
(81, '24', '40', '6.000000', '1'),
(82, '25', '71', '10.304348', '2'),
(83, '25', '83', '1.030435', '2'),
(84, '25', '597', '0.515217', '2'),
(85, '25', '18', '15.000000', '1'),
(86, '26', '65', '15.120000', '2'),
(87, '26', '17', '18.000000', '1'),
(88, '27', '65', '15.600000', '2'),
(89, '27', '17', '20.000000', '1'),
(90, '28', '59', '6.451200', '2'),
(91, '28', '10', '1.000000', '1'),
(92, '28', '40', '3.000000', '1'),
(93, '29', '59', '4.140000', '2'),
(94, '29', '18', '3.000000', '1'),
(95, '29', '30', '1.000000', '1'),
(96, '30', '71', '3.888000', '2'),
(97, '30', '10', '1.000000', '1'),
(98, '30', '40', '6.000000', '1'),
(99, '31', '76', '3.541935', '2'),
(100, '31', '88', '0.118065', '2'),
(101, '31', '18', '12.000000', '1'),
(102, '32', '71', '6.069000', '2'),
(103, '32', '10', '1.000000', '1'),
(104, '32', '40', '7.000000', '1'),
(105, '33', '72', '5.700000', '2'),
(106, '33', '18', '12.000000', '1'),
(107, '34', '69', '5.800000', '2'),
(108, '34', '10', '1.000000', '1'),
(109, '34', '40', '4.000000', '1'),
(110, '35', '69', '2.964000', '2'),
(111, '35', '10', '1.000000', '1'),
(112, '35', '40', '6.000000', '1'),
(113, '36', '69', '8.160000', '2'),
(114, '36', '18', '5.000000', '1'),
(115, '37', '69', '6.390000', '2'),
(116, '37', '18', '6.000000', '1'),
(117, '38', '72', '2.175484', '2'),
(118, '38', '87', '0.072516', '2'),
(119, '38', '53', '3.000000', '1'),
(120, '38', '124', '40.000000', '1'),
(121, '38', '40', '4.000000', '1'),
(122, '38', '53', '1.000000', '1'),
(123, '39', '72', '1.625806', '2'),
(124, '39', '87', '0.054194', '2'),
(125, '39', '40', '4.000000', '1'),
(126, '39', '53', '4.000000', '1'),
(127, '40', '72', '2.353548', '2'),
(128, '40', '87', '0.078452', '2'),
(129, '40', '53', '3.000000', '1'),
(130, '40', '124', '40.000000', '1'),
(131, '40', '40', '4.000000', '1'),
(132, '40', '55', '1.000000', '1'),
(133, '41', '72', '1.672258', '2'),
(134, '41', '87', '0.055742', '2'),
(135, '41', '40', '4.000000', '1'),
(136, '41', '53', '4.000000', '1'),
(137, '42', '73', '6.996047', '2'),
(138, '42', '90', '0.083953', '2'),
(139, '42', '40', '3.000000', '1'),
(140, '43', '73', '6.996047', '2'),
(141, '43', '90', '0.083953', '2'),
(142, '43', '40', '3.000000', '1'),
(143, '44', '62', '56.160000', '2'),
(144, '44', '40', '6.000000', '1'),
(145, '44', '10', '1.000000', '1'),
(146, '45', '62', '6.000000', '2'),
(147, '45', '18', '4.000000', '1'),
(148, '46', '71', '2.908696', '2'),
(149, '46', '83', '0.290870', '2'),
(150, '46', '597', '0.145435', '2'),
(151, '46', '40', '1.000000', '1'),
(152, '47', '71', '2.316522', '2'),
(153, '47', '83', '0.231652', '2'),
(154, '47', '597', '0.115826', '2'),
(155, '47', '115', '45.000000', '1'),
(156, '47', '116', '45.000000', '1'),
(157, '48', '71', '6.062609', '2'),
(158, '48', '83', '0.606261', '2'),
(159, '48', '597', '0.303130', '2'),
(160, '48', '14', '2.000000', '1'),
(161, '49', '71', '3.547826', '2'),
(162, '49', '83', '0.354783', '2'),
(163, '49', '597', '0.177391', '2'),
(164, '49', '40', '1.000000', '1'),
(165, '50', '71', '5.728696', '2'),
(166, '50', '83', '0.572870', '2'),
(167, '50', '597', '0.286435', '2'),
(168, '50', '14', '2.000000', '1'),
(169, '51', '71', '4.591304', '2'),
(170, '51', '83', '0.459130', '2'),
(171, '51', '597', '0.229565', '2'),
(172, '51', '40', '2.000000', '1'),
(173, '52', '75', '3.816000', '2'),
(174, '52', '40', '4.000000', '1'),
(175, '53', '71', '4.830609', '2'),
(176, '53', '83', '0.483061', '2'),
(177, '53', '597', '0.241530', '2'),
(178, '53', '40', '2.000000', '1'),
(179, '54', '71', '1.894957', '2'),
(180, '54', '83', '0.189496', '2'),
(181, '54', '597', '0.094748', '2'),
(182, '54', '40', '2.000000', '1'),
(183, '55', '71', '5.898261', '2'),
(184, '55', '83', '0.589826', '2'),
(185, '55', '597', '0.294913', '2'),
(186, '56', '71', '4.695652', '2'),
(187, '56', '83', '0.469565', '2'),
(188, '56', '597', '0.234783', '2'),
(189, '56', '14', '2.000000', '1'),
(190, '57', '70', '3.976000', '2'),
(191, '57', '114', '140.000000', '1'),
(192, '57', '40', '3.000000', '1'),
(193, '58', '70', '3.816000', '2'),
(194, '58', '10', '1.000000', '1'),
(195, '58', '117', '120.000000', '1'),
(196, '58', '40', '6.000000', '1'),
(197, '59', '62', '3.712000', '2'),
(198, '59', '114', '40.000000', '1'),
(199, '59', '40', '2.000000', '1'),
(200, '59', '10', '1.000000', '1'),
(201, '60', '62', '3.440000', '2'),
(202, '60', '10', '1.000000', '1'),
(203, '60', '40', '4.000000', '1'),
(204, '60', '56', '4.000000', '1'),
(205, '61', '71', '1.448348', '2'),
(206, '61', '83', '0.144835', '2'),
(207, '61', '597', '0.072417', '2'),
(208, '61', '115', '16.000000', '1'),
(209, '61', '101', '16.000000', '1'),
(210, '61', '40', '2.000000', '1'),
(211, '62', '71', '2.016000', '2'),
(212, '62', '83', '0.201600', '2'),
(213, '62', '597', '0.100800', '2'),
(214, '62', '115', '36.000000', '1'),
(215, '62', '101', '36.000000', '1'),
(216, '63', '75', '2.794400', '2'),
(217, '63', '115', '28.000000', '1'),
(218, '63', '101', '28.000000', '1'),
(219, '63', '40', '2.000000', '1'),
(220, '64', '60', '6.998400', '2'),
(221, '64', '23', '1.000000', '1'),
(222, '65', '60', '3.520000', '2'),
(223, '65', '18', '4.000000', '1'),
(224, '66', '72', '4.560000', '2'),
(225, '66', '10', '1.000000', '1'),
(226, '66', '24', '4.000000', '1'),
(227, '67', '57', '2.946000', '2'),
(228, '67', '110', '30.000000', '1'),
(229, '67', '115', '30.000000', '1'),
(230, '67', '40', '4.000000', '1'),
(231, '67', '10', '1.000000', '1'),
(232, '68', '57', '7.680000', '2'),
(233, '68', '24', '4.000000', '1'),
(234, '69', '57', '4.144000', '2'),
(235, '69', '115', '70.000000', '1'),
(236, '69', '110', '70.000000', '1'),
(237, '69', '40', '6.000000', '1'),
(238, '69', '10', '1.000000', '1'),
(239, '70', '57', '6.220000', '2'),
(240, '70', '7', '4.000000', '1'),
(241, '71', '60', '5.600000', '2'),
(242, '71', '122', '50.000000', '1'),
(243, '71', '126', '50.000000', '1'),
(244, '71', '102', '50.000000', '1'),
(245, '71', '23', '1.000000', '1'),
(246, '72', '60', '5.625600', '2'),
(247, '72', '122', '64.000000', '1'),
(248, '72', '114', '64.000000', '1'),
(249, '72', '40', '1.000000', '1'),
(250, '73', '71', '3.811304', '2'),
(251, '73', '83', '0.381130', '2'),
(252, '73', '597', '0.190565', '2'),
(253, '73', '40', '1.000000', '1'),
(254, '74', '62', '4.472000', '2'),
(255, '74', '101', '80.000000', '1'),
(256, '74', '40', '3.000000', '1'),
(257, '74', '10', '1.000000', '1'),
(258, '75', '62', '4.123800', '2'),
(259, '75', '40', '3.000000', '1'),
(260, '75', '10', '1.000000', '1'),
(261, '76', '71', '6.104348', '2'),
(262, '76', '83', '0.610435', '2'),
(263, '76', '597', '0.305217', '2'),
(264, '77', '71', '4.257391', '2'),
(265, '77', '83', '0.425739', '2'),
(266, '77', '597', '0.212870', '2'),
(267, '77', '40', '2.000000', '1'),
(268, '78', '71', '4.382609', '2'),
(269, '78', '83', '0.438261', '2'),
(270, '78', '597', '0.219130', '2'),
(271, '78', '14', '2.000000', '1'),
(272, '79', '62', '2.491200', '2'),
(273, '79', '115', '24.000000', '1'),
(274, '79', '118', '24.000000', '1'),
(275, '79', '40', '1.000000', '1'),
(276, '79', '10', '1.000000', '1'),
(277, '80', '62', '6.550000', '2'),
(278, '80', '10', '1.000000', '1'),
(279, '80', '40', '1.000000', '1'),
(280, '81', '62', '3.424000', '2'),
(281, '81', '115', '20.000000', '1'),
(282, '81', '101', '20.000000', '1'),
(283, '81', '10', '1.000000', '1'),
(284, '81', '40', '1.000000', '1'),
(285, '82', '62', '7.572000', '2'),
(286, '82', '10', '1.000000', '1'),
(287, '83', '71', '3.725217', '2'),
(288, '83', '83', '0.372522', '2'),
(289, '83', '597', '0.186261', '2'),
(290, '83', '40', '1.000000', '1'),
(291, '84', '71', '6.895652', '2'),
(292, '84', '83', '0.689565', '2'),
(293, '84', '597', '0.344783', '2'),
(294, '85', '75', '5.082000', '2'),
(295, '85', '114', '210.000000', '1'),
(296, '85', '40', '3.000000', '1'),
(297, '86', '71', '5.417391', '2'),
(298, '86', '83', '0.541739', '2'),
(299, '86', '597', '0.270870', '2'),
(300, '86', '14', '2.000000', '1'),
(301, '87', '71', '1.387130', '2'),
(302, '87', '83', '0.138713', '2'),
(303, '87', '597', '0.069357', '2'),
(304, '87', '101', '16.000000', '1'),
(305, '87', '117', '16.000000', '1'),
(306, '87', '40', '2.000000', '1'),
(307, '88', '71', '4.234783', '2'),
(308, '88', '83', '0.423478', '2'),
(309, '88', '597', '0.211739', '2'),
(310, '88', '40', '4.000000', '1'),
(311, '89', '71', '6.573913', '2'),
(312, '89', '83', '0.657391', '2'),
(313, '89', '597', '0.328696', '2'),
(314, '89', '14', '2.000000', '1'),
(315, '90', '71', '3.086609', '2'),
(316, '90', '83', '0.308661', '2'),
(317, '90', '597', '0.154330', '2'),
(318, '90', '40', '1.000000', '1'),
(319, '91', '62', '2.304000', '2'),
(320, '91', '115', '16.000000', '1'),
(321, '91', '116', '16.000000', '1'),
(322, '91', '40', '4.000000', '1'),
(323, '91', '10', '1.000000', '1'),
(324, '92', '62', '9.568000', '2'),
(325, '92', '40', '3.000000', '1'),
(326, '92', '10', '1.000000', '1'),
(327, '93', '62', '2.901800', '2'),
(328, '93', '115', '22.000000', '1'),
(329, '93', '10', '1.000000', '1'),
(330, '93', '40', '2.000000', '1'),
(331, '94', '62', '2.679600', '2'),
(332, '94', '101', '42.000000', '1'),
(333, '94', '40', '2.000000', '1'),
(334, '94', '10', '1.000000', '1'),
(335, '95', '71', '4.206522', '2'),
(336, '95', '83', '0.420652', '2'),
(337, '95', '597', '0.210326', '2'),
(338, '95', '14', '2.000000', '1'),
(339, '96', '71', '6.720000', '2'),
(340, '96', '83', '0.672000', '2'),
(341, '96', '597', '0.336000', '2'),
(342, '96', '18', '12.000000', '1'),
(343, '97', '71', '4.890783', '2'),
(344, '97', '83', '0.489078', '2'),
(345, '97', '597', '0.244539', '2'),
(346, '97', '114', '218.000000', '1'),
(347, '97', '40', '2.000000', '1'),
(348, '98', '62', '7.756000', '2'),
(349, '98', '40', '5.000000', '1'),
(350, '98', '10', '1.000000', '1'),
(351, '99', '62', '12.000000', '2'),
(352, '99', '40', '1.000000', '1'),
(353, '99', '10', '1.000000', '1'),
(354, '100', '71', '7.304348', '2'),
(355, '100', '83', '0.730435', '2'),
(356, '100', '597', '0.365217', '2'),
(357, '100', '18', '8.000000', '1'),
(358, '101', '59', '3.600000', '2'),
(359, '101', '18', '4.000000', '1'),
(360, '101', '30', '1.000000', '1'),
(361, '102', '59', '3.780000', '2'),
(362, '102', '18', '3.000000', '1'),
(363, '102', '40', '1.000000', '1'),
(364, '102', '30', '1.000000', '1'),
(365, '103', '71', '8.090323', '2'),
(366, '103', '88', '0.269677', '2'),
(367, '103', '40', '3.000000', '1'),
(368, '104', '71', '7.085419', '2'),
(369, '104', '88', '0.236181', '2'),
(370, '104', '40', '4.000000', '1'),
(371, '105', '71', '6.619355', '2'),
(372, '105', '88', '0.220645', '2'),
(373, '105', '14', '2.000000', '1'),
(374, '106', '71', '3.897059', '2'),
(375, '106', '88', '0.077941', '2'),
(376, '106', '40', '3.000000', '1'),
(377, '107', '71', '2.752941', '2'),
(378, '107', '88', '0.055059', '2'),
(379, '107', '40', '4.000000', '1'),
(380, '108', '71', '6.988235', '2'),
(381, '108', '88', '0.139765', '2'),
(382, '108', '40', '7.000000', '1'),
(383, '109', '63', '3.000000', '2'),
(384, '109', '115', '50.000000', '1'),
(385, '109', '10', '1.000000', '1'),
(386, '110', '63', '5.760000', '2'),
(387, '110', '40', '1.000000', '1'),
(388, '110', '10', '1.000000', '1'),
(389, '111', '63', '6.440000', '2'),
(390, '111', '115', '200.000000', '1'),
(391, '111', '22', '4.000000', '1'),
(392, '112', '63', '6.400000', '2'),
(393, '112', '22', '5.000000', '1'),
(394, '113', '74', '3.300000', '2'),
(395, '113', '40', '1.000000', '1'),
(396, '114', '76', '3.300000', '2'),
(397, '114', '40', '4.000000', '1'),
(398, '115', '69', '2.130000', '2'),
(399, '115', '40', '6.000000', '1'),
(400, '116', '69', '4.941000', '2'),
(401, '116', '40', '4.000000', '1'),
(402, '116', '51', '3.000000', '1'),
(403, '117', '69', '1.638000', '2'),
(404, '117', '40', '5.000000', '1'),
(405, '118', '69', '3.222000', '2'),
(407, '118', '10', '1.000000', '1'),
(408, '118', '40', '4.000000', '1'),
(409, '118', '51', '3.000000', '1'),
(410, '119', '69', '1.812000', '2'),
(411, '119', '10', '1.000000', '1'),
(412, '119', '40', '5.000000', '1'),
(413, '120', '69', '3.744000', '2'),
(414, '120', '10', '1.000000', '1'),
(415, '120', '40', '4.000000', '1'),
(416, '120', '51', '3.000000', '1'),
(417, '121', '69', '2.745000', '2'),
(418, '121', '10', '1.000000', '1'),
(419, '121', '40', '7.000000', '1'),
(420, '122', '69', '4.941000', '2'),
(421, '122', '10', '1.000000', '1'),
(422, '122', '40', '4.000000', '1'),
(423, '122', '51', '3.000000', '1'),
(424, '123', '69', '3.390000', '2'),
(425, '123', '10', '1.000000', '1'),
(426, '123', '40', '4.000000', '1'),
(427, '124', '69', '3.525000', '2'),
(428, '124', '10', '1.000000', '1'),
(429, '124', '40', '4.000000', '1'),
(430, '125', '62', '4.290000', '2'),
(431, '125', '118', '50.000000', '1'),
(432, '125', '10', '1.000000', '1'),
(433, '126', '62', '4.160000', '2'),
(434, '126', '14', '2.000000', '1'),
(435, '127', '62', '4.275000', '2'),
(436, '127', '118', '50.000000', '1'),
(437, '127', '10', '1.000000', '1'),
(438, '128', '62', '6.040000', '2'),
(439, '128', '24', '4.000000', '1'),
(440, '129', '62', '4.920000', '2'),
(441, '129', '24', '4.000000', '1'),
(442, '130', '62', '6.720000', '2'),
(443, '130', '24', '4.000000', '1'),
(444, '131', '62', '4.680000', '2'),
(445, '131', '18', '4.000000', '1'),
(446, '132', '72', '6.498000', '2'),
(447, '132', '10', '1.000000', '1'),
(448, '132', '40', '4.000000', '1'),
(449, '133', '69', '3.978000', '2'),
(450, '133', '10', '1.000000', '1'),
(451, '133', '40', '4.000000', '1'),
(452, '134', '62', '5.792000', '2'),
(453, '134', '10', '1.000000', '1'),
(454, '134', '40', '2.000000', '1'),
(455, '135', '62', '2.452000', '2'),
(456, '135', '118', '40.000000', '1'),
(457, '135', '10', '1.000000', '1'),
(458, '135', '40', '2.000000', '1'),
(459, '136', '62', '6.680000', '2'),
(460, '136', '24', '4.000000', '1'),
(461, '137', '74', '2.700000', '2'),
(462, '137', '115', '45.000000', '1'),
(463, '137', '40', '1.000000', '1'),
(464, '138', '62', '4.090000', '2'),
(465, '138', '114', '50.000000', '1'),
(466, '138', '10', '1.000000', '1'),
(467, '139', '62', '4.860000', '2'),
(468, '139', '18', '4.000000', '1'),
(469, '140', '62', '2.692000', '2'),
(470, '140', '116', '40.000000', '1'),
(471, '140', '114', '40.000000', '1'),
(472, '140', '40', '2.000000', '1'),
(473, '140', '10', '1.000000', '1'),
(474, '141', '62', '4.240000', '2'),
(475, '141', '10', '1.000000', '1'),
(476, '141', '40', '2.000000', '1'),
(477, '142', '73', '5.333333', '2'),
(478, '142', '84', '0.106667', '2'),
(479, '142', '18', '12.000000', '1'),
(480, '143', '78', '2.672000', '2'),
(481, '143', '109', '32.000000', '1'),
(482, '143', '40', '5.000000', '1'),
(483, '144', '78', '3.747600', '2'),
(484, '144', '109', '18.000000', '1'),
(485, '144', '96', '18.000000', '1'),
(486, '144', '40', '3.000000', '1'),
(487, '145', '78', '2.149800', '2'),
(488, '145', '109', '6.000000', '1'),
(489, '145', '40', '2.000000', '1'),
(490, '146', '78', '3.357600', '2'),
(491, '146', '106', '12.000000', '1'),
(492, '146', '109', '12.000000', '1'),
(493, '146', '123', '12.000000', '1'),
(494, '146', '40', '2.000000', '1'),
(495, '147', '78', '3.357600', '2'),
(496, '147', '106', '12.000000', '1'),
(497, '147', '109', '12.000000', '1'),
(498, '147', '123', '12.000000', '1'),
(499, '147', '40', '2.000000', '1'),
(500, '148', '78', '3.596400', '2'),
(501, '148', '123', '6.000000', '1'),
(502, '148', '106', '6.000000', '1'),
(503, '148', '107', '6.000000', '1'),
(504, '148', '40', '2.000000', '1'),
(505, '149', '78', '3.668400', '2'),
(506, '149', '106', '6.000000', '1'),
(507, '149', '107', '6.000000', '1'),
(508, '149', '123', '6.000000', '1'),
(509, '149', '44', '2.000000', '1'),
(510, '150', '71', '7.628571', '2'),
(511, '150', '83', '0.381429', '2'),
(512, '150', '103', '900.000000', '1'),
(513, '150', '18', '5.000000', '1'),
(514, '151', '78', '1.929600', '2'),
(515, '151', '96', '12.000000', '1'),
(516, '151', '40', '3.000000', '1'),
(517, '152', '77', '2.360000', '2'),
(518, '152', '108', '8.000000', '1'),
(519, '152', '40', '2.000000', '1'),
(520, '153', '72', '1.660645', '2'),
(521, '153', '87', '0.055355', '2'),
(522, '153', '119', '40.000000', '1'),
(523, '153', '40', '5.000000', '1'),
(524, '153', '53', '4.000000', '1'),
(525, '154', '72', '1.683871', '2'),
(526, '154', '87', '0.056129', '2'),
(527, '154', '119', '40.000000', '1'),
(528, '154', '40', '5.000000', '1'),
(529, '154', '53', '4.000000', '1'),
(530, '155', '72', '1.261161', '2'),
(531, '155', '87', '0.042039', '2'),
(532, '155', '127', '24.000000', '1'),
(533, '155', '40', '4.000000', '1'),
(534, '155', '52', '3.000000', '1'),
(535, '156', '72', '1.177548', '2'),
(536, '156', '87', '0.039252', '2'),
(537, '156', '127', '24.000000', '1'),
(538, '156', '40', '4.000000', '1'),
(539, '156', '52', '3.000000', '1'),
(540, '157', '73', '2.664427', '2'),
(541, '157', '90', '0.031973', '2'),
(542, '157', '119', '36.000000', '1'),
(543, '157', '46', '2.000000', '1'),
(544, '157', '40', '3.000000', '1'),
(545, '158', '73', '2.664427', '2'),
(546, '158', '90', '0.031973', '2'),
(547, '158', '119', '36.000000', '1'),
(548, '158', '46', '2.000000', '1'),
(549, '158', '40', '3.000000', '1'),
(550, '159', '71', '5.268522', '2'),
(551, '159', '83', '0.526852', '2'),
(552, '159', '597', '0.263426', '2'),
(553, '159', '114', '306.000000', '1'),
(554, '159', '40', '3.000000', '1'),
(555, '160', '71', '2.173217', '2'),
(556, '160', '83', '0.217322', '2'),
(557, '160', '597', '0.108661', '2'),
(558, '160', '101', '32.000000', '1'),
(559, '160', '40', '2.000000', '1'),
(560, '161', '71', '2.885217', '2'),
(561, '161', '83', '0.288522', '2'),
(562, '161', '597', '0.144261', '2'),
(563, '161', '101', '70.000000', '1'),
(564, '161', '40', '3.000000', '1'),
(565, '162', '71', '2.379130', '2'),
(566, '162', '83', '0.237913', '2'),
(567, '162', '597', '0.118957', '2'),
(568, '162', '101', '48.000000', '1'),
(569, '162', '40', '2.000000', '1'),
(570, '163', '71', '1.320348', '2'),
(571, '163', '83', '0.132035', '2'),
(572, '163', '597', '0.066017', '2'),
(573, '163', '117', '26.000000', '1'),
(574, '163', '40', '2.000000', '1'),
(575, '164', '71', '2.508522', '2'),
(576, '164', '83', '0.250852', '2'),
(577, '164', '597', '0.125426', '2'),
(578, '164', '117', '48.000000', '1'),
(579, '164', '40', '2.000000', '1'),
(580, '165', '71', '3.662609', '2'),
(581, '165', '83', '0.366261', '2'),
(582, '165', '597', '0.183130', '2'),
(583, '165', '117', '72.000000', '1'),
(584, '165', '40', '3.000000', '1'),
(585, '167', '71', '1.805217', '2'),
(586, '167', '83', '0.180522', '2'),
(587, '167', '597', '0.090261', '2'),
(588, '167', '101', '30.000000', '1'),
(589, '167', '40', '3.000000', '1'),
(590, '168', '71', '1.221565', '2'),
(591, '168', '83', '0.122157', '2'),
(592, '168', '597', '0.061078', '2'),
(593, '168', '101', '16.000000', '1'),
(594, '168', '40', '2.000000', '1'),
(595, '169', '71', '2.605161', '2'),
(596, '169', '88', '0.086839', '2'),
(597, '169', '97', '40.000000', '1'),
(598, '169', '40', '4.000000', '1'),
(599, '170', '74', '2.466000', '2'),
(600, '170', '104', '90.000000', '1'),
(601, '170', '40', '5.000000', '1'),
(602, '171', '66', '1.180000', '2'),
(603, '171', '18', '4.000000', '1'),
(604, '171', '25', '1.000000', '1'),
(605, '172', '66', '0.850000', '2'),
(606, '172', '22', '4.000000', '1'),
(607, '172', '25', '1.000000', '1'),
(608, '173', '64', '22.932000', '2'),
(609, '173', '40', '5.000000', '1'),
(610, '174', '71', '5.184000', '2'),
(611, '174', '40', '5.000000', '1'),
(612, '175', '71', '1.508571', '2'),
(613, '175', '83', '0.075429', '2'),
(614, '175', '40', '7.000000', '1'),
(615, '177', '71', '2.304762', '2'),
(616, '177', '83', '0.115238', '2'),
(617, '177', '40', '3.000000', '1'),
(618, '178', '71', '4.304000', '2'),
(619, '178', '83', '0.215200', '2'),
(620, '178', '40', '4.000000', '1'),
(621, '179', '71', '5.657143', '2'),
(622, '179', '83', '0.282857', '2'),
(623, '179', '40', '5.000000', '1'),
(624, '180', '71', '1.645714', '2'),
(625, '180', '83', '0.082286', '2'),
(626, '180', '40', '4.000000', '1'),
(627, '181', '71', '1.040000', '2'),
(628, '181', '83', '0.052000', '2'),
(629, '181', '40', '3.000000', '1'),
(630, '182', '71', '2.304762', '2'),
(631, '182', '83', '0.115238', '2'),
(632, '182', '40', '3.000000', '1'),
(633, '183', '71', '2.752941', '2'),
(634, '183', '88', '0.055059', '2'),
(635, '183', '40', '4.000000', '1'),
(639, '184', '71', '2.698039', '2'),
(640, '184', '86', '0.053961', '2'),
(641, '184', '40', '5.000000', '1'),
(642, '185', '71', '2.698039', '2'),
(643, '185', '86', '0.053961', '2'),
(644, '185', '40', '5.000000', '1'),
(645, '186', '68', '11.660000', '2'),
(646, '186', '10', '1.000000', '1'),
(647, '186', '40', '6.000000', '1'),
(648, '187', '68', '11.660000', '2'),
(649, '187', '10', '1.000000', '1'),
(650, '187', '40', '6.000000', '1'),
(651, '188', '71', '5.425000', '2'),
(652, '188', '18', '5.000000', '1'),
(653, '189', '71', '5.565000', '2'),
(654, '189', '18', '5.000000', '1'),
(655, '190', '68', '102.480000', '2'),
(656, '190', '40', '5.000000', '1'),
(657, '191', '73', '1.300000', '2'),
(658, '191', '40', '2.000000', '1'),
(659, '192', '73', '2.019608', '2'),
(660, '192', '88', '0.040392', '2'),
(661, '192', '40', '5.000000', '1'),
(664, '194', '73', '3.538039', '2'),
(665, '194', '88', '0.070761', '2'),
(666, '194', '40', '2.000000', '1'),
(667, '197', '78', '1.900000', '2'),
(668, '197', '106', '4.000000', '1'),
(669, '197', '109', '4.000000', '1'),
(670, '197', '40', '5.000000', '1'),
(671, '196', '44', '2.000000', '1'),
(672, '196', '54', '2.000000', '1'),
(673, '195', '44', '2.000000', '1'),
(674, '195', '54', '2.000000', '1'),
(675, '198', '78', '2.440000', '2'),
(676, '198', '106', '4.000000', '1'),
(677, '198', '109', '4.000000', '1'),
(678, '198', '40', '3.000000', '1'),
(679, '199', '78', '2.440000', '2'),
(680, '199', '598', '4.000000', '1'),
(681, '199', '40', '3.000000', '1'),
(682, '200', '71', '2.803810', '2'),
(683, '200', '83', '0.140190', '2'),
(684, '200', '114', '64.000000', '1'),
(685, '200', '40', '9.000000', '1'),
(686, '201', '78', '1.384000', '2'),
(687, '201', '109', '8.000000', '1'),
(688, '201', '40', '3.000000', '1'),
(689, '202', '78', '1.384000', '2'),
(690, '202', '599', '8.000000', '1'),
(691, '202', '40', '3.000000', '1'),
(692, '203', '78', '1.784400', '2'),
(693, '203', '109', '12.000000', '1'),
(694, '203', '40', '2.000000', '1'),
(695, '204', '71', '3.212000', '2'),
(696, '204', '83', '0.160600', '2'),
(697, '204', '91', '42.000000', '1'),
(698, '204', '116', '42.000000', '1'),
(699, '204', '40', '7.000000', '1'),
(700, '205', '71', '1.390476', '2'),
(701, '205', '83', '0.069524', '2'),
(702, '205', '91', '20.000000', '1'),
(703, '205', '114', '20.000000', '1'),
(704, '205', '40', '5.000000', '1'),
(705, '206', '71', '2.598857', '2'),
(706, '206', '83', '0.129943', '2'),
(707, '206', '102', '36.000000', '1'),
(708, '206', '40', '1.000000', '1'),
(709, '207', '71', '0.552000', '2'),
(710, '207', '83', '0.027600', '2'),
(711, '207', '116', '12.000000', '1'),
(712, '207', '40', '4.000000', '1'),
(713, '208', '71', '3.791619', '2'),
(714, '208', '83', '0.189581', '2'),
(715, '208', '91', '74.000000', '1'),
(716, '208', '114', '74.000000', '1'),
(717, '208', '40', '1.000000', '1'),
(718, '209', '71', '6.048000', '2'),
(719, '209', '127', '140.000000', '1'),
(720, '209', '10', '1.000000', '1'),
(721, '209', '119', '140.000000', '1'),
(722, '209', '118', '140.000000', '1'),
(723, '209', '40', '5.000000', '1'),
(724, '210', '71', '6.230000', '2'),
(725, '210', '127', '140.000000', '1'),
(726, '210', '119', '140.000000', '1'),
(727, '210', '118', '140.000000', '1'),
(728, '210', '40', '5.000000', '1'),
(729, '211', '71', '4.856471', '2'),
(730, '211', '86', '0.097129', '2'),
(731, '211', '119', '72.000000', '1'),
(732, '211', '40', '5.000000', '1'),
(733, '212', '71', '4.856471', '2'),
(734, '212', '86', '0.097129', '2'),
(735, '212', '119', '72.000000', '1'),
(736, '212', '40', '5.000000', '1');

-- --------------------------------------------------------

--
-- Table structure for table `customer`
--

CREATE TABLE `customer` (
  `id` int(11) NOT NULL,
  `kode` varchar(25) NOT NULL,
  `nama` varchar(255) DEFAULT NULL,
  `status` varchar(1) DEFAULT NULL
) ENGINE=InnoDB DEFAULT CHARSET=latin1;

--
-- Dumping data for table `customer`
--

INSERT INTO `customer` (`id`, `kode`, `nama`, `status`) VALUES
(1, 'PASI', 'PT. Autocomp System Indonesia', '1'),
(2, 'SIWS', 'PT. Sumitomo Indo Wiring System', '1'),
(4, 'SJP', 'Schlemmer Japan Co., Ltd', '1');

-- --------------------------------------------------------

--
-- Table structure for table `forecast`
--

CREATE TABLE `forecast` (
  `id` int(11) NOT NULL,
  `kode` varchar(50) NOT NULL,
  `tanggal` date DEFAULT NULL,
  `customer` varchar(11) DEFAULT NULL,
  `project` varchar(11) NOT NULL,
  `tipe` varchar(1) DEFAULT NULL,
  `status` varchar(1) DEFAULT NULL
) ENGINE=InnoDB DEFAULT CHARSET=utf8mb4;

--
-- Dumping data for table `forecast`
--

INSERT INTO `forecast` (`id`, `kode`, `tanggal`, `customer`, `project`, `tipe`, `status`) VALUES
(1, 'FRC-21-04-27-00000001', '2021-04-27', '1', '0', '1', '0');

-- --------------------------------------------------------

--
-- Table structure for table `forecast_child`
--

CREATE TABLE `forecast_child` (
  `id` int(11) NOT NULL,
  `transID` varchar(11) DEFAULT NULL,
  `material` varchar(11) DEFAULT NULL,
  `qty` int(11) DEFAULT NULL,
  `satuan` varchar(11) DEFAULT NULL
) ENGINE=InnoDB DEFAULT CHARSET=utf8mb4;

-- --------------------------------------------------------

--
-- Table structure for table `material`
--

CREATE TABLE `material` (
  `id` int(11) NOT NULL,
  `kode` varchar(25) NOT NULL,
  `kode_rm` varchar(50) DEFAULT NULL,
  `nama` varchar(255) DEFAULT NULL,
  `cust_nama` varchar(255) DEFAULT NULL,
  `spesifikasi` varchar(255) DEFAULT NULL,
  `tipe_material` varchar(2) DEFAULT NULL,
  `satuan` varchar(11) DEFAULT NULL,
  `project` varchar(11) DEFAULT NULL,
  `status` varchar(1) DEFAULT NULL,
  `customer` varchar(11) DEFAULT NULL,
  `berat` decimal(11,4) DEFAULT NULL,
  `qty` int(11) DEFAULT NULL,
  `qtyBag` int(11) DEFAULT NULL,
  `other` varchar(1) DEFAULT NULL,
  `virgin` int(11) DEFAULT NULL,
  `mb` decimal(11,2) DEFAULT NULL,
  `regrind` decimal(11,2) DEFAULT NULL
) ENGINE=InnoDB DEFAULT CHARSET=latin1;

--
-- Dumping data for table `material`
--

INSERT INTO `material` (`id`, `kode`, `kode_rm`, `nama`, `cust_nama`, `spesifikasi`, `tipe_material`, `satuan`, `project`, `status`, `customer`, `berat`, `qty`, `qtyBag`, `other`, `virgin`, `mb`, `regrind`) VALUES
(1, 'BAG-001', NULL, 'Sak Material PP dan PA', NULL, 'Sak Material PP dan PA', '4', '1', NULL, '1', NULL, NULL, NULL, 0, NULL, 0, '0.00', '0.00'),
(2, 'BAG-002', NULL, 'Plastic BAG', NULL, '', '4', '1', NULL, '1', NULL, NULL, NULL, 0, NULL, 0, '0.00', '0.00'),
(3, 'BAG-003', NULL, 'Kantong Merah', NULL, '', '4', '1', NULL, '1', NULL, NULL, NULL, 0, NULL, 0, '0.00', '0.00'),
(4, 'BAG-004', NULL, 'Kantong Abu-Abu', NULL, '', '4', '1', NULL, '1', NULL, NULL, NULL, 0, NULL, 0, '0.00', '0.00'),
(5, 'PB-001', NULL, 'Plastic  bag 300*500*0.06', NULL, '300*500*0.06', '4', '1', NULL, '1', NULL, NULL, NULL, 0, NULL, 0, '0.00', '0.00'),
(6, 'PB-002', NULL, 'Plastic  bag 1000*1000', NULL, '1000*1000', '4', '1', NULL, '1', NULL, NULL, NULL, 0, NULL, 0, '0.00', '0.00'),
(7, 'PB-003', NULL, 'Plastic  bag 500*800*0.06', NULL, '500*800*0.06', '4', '1', NULL, '1', NULL, NULL, NULL, 0, NULL, 0, '0.00', '0.00'),
(8, 'PB-004', NULL, 'Plastic  klip 300*200*0.06', NULL, 'Plastic  klip 30*20*0.06', '4', '1', NULL, '1', NULL, NULL, NULL, 0, NULL, 0, '0.00', '0.00'),
(9, 'PB-005', NULL, 'Plastic  klip 300*400*0.06', NULL, '300*400*0.06', '4', '1', NULL, '1', NULL, NULL, NULL, 0, NULL, 0, '0.00', '0.00'),
(10, 'PB-006', NULL, 'Plastic  bag 1000*700*0.03', NULL, '1000*700*0.03', '4', '1', NULL, '1', NULL, NULL, NULL, 0, NULL, 0, '0.00', '0.00'),
(11, 'PB-007', NULL, 'Plastic  bag 10*15', NULL, '10*15', '4', '1', NULL, '1', NULL, NULL, NULL, 0, NULL, 0, '0.00', '0.00'),
(12, 'PB-008', NULL, 'Plastic  bag NLD220*320', NULL, '220*320', '4', '1', NULL, '1', NULL, NULL, NULL, 0, NULL, 0, '0.00', '0.00'),
(13, 'PB-009', NULL, 'Plastic  Klip 10cm*15cm*0,06mm', NULL, '10cm*15cm*0,06mm', '4', '1', NULL, '1', NULL, NULL, NULL, 0, NULL, 0, '0.00', '0.00'),
(14, 'PB-010', NULL, 'Plastic Bag 600*700*0.03', NULL, '600mm*700mm*0.03mm', '4', '1', NULL, '1', NULL, NULL, NULL, 0, NULL, 0, '0.00', '0.00'),
(15, 'PB-011', NULL, 'Plastic Bag 30*50*0.03', NULL, '30cm*50cm*0.03mm', '4', '1', NULL, '1', NULL, NULL, NULL, 0, NULL, 0, '0.00', '0.00'),
(16, 'PB-012', NULL, 'Plastic Bag 20*35*0.03', NULL, '20cm*35cm*0.03mm', '4', '1', NULL, '1', NULL, NULL, NULL, 0, NULL, 0, '0.00', '0.00'),
(17, 'PB-013', NULL, 'Plastic Bag 250*350*0.06', NULL, '250mm*350mm*0.06mm', '4', '1', NULL, '1', NULL, NULL, NULL, 0, NULL, 0, '0.00', '0.00'),
(18, 'PB-014', NULL, 'Plastic Bag 300*550*0.06', NULL, '300mm*550mm*0.06mm', '4', '1', NULL, '1', NULL, NULL, NULL, 0, NULL, 0, '0.00', '0.00'),
(19, 'PB-015', NULL, 'Plastic Bag 200*300*0.03', NULL, '200mm*300mm*0.03mm', '4', '1', NULL, '1', NULL, NULL, NULL, 0, NULL, 0, '0.00', '0.00'),
(20, 'PB-016', NULL, 'Plastic Bag Klip 30*40*0.03', NULL, '30mm*40mm*0.03mm', '4', '1', NULL, '1', NULL, NULL, NULL, 0, NULL, 0, '0.00', '0.00'),
(21, 'PB-017', NULL, 'Plastic Bubble 58*124 ~d 3cm', NULL, '50*123 ~ d 3cm', '4', '1', NULL, '1', NULL, NULL, NULL, 0, NULL, 0, '0.00', '0.00'),
(22, 'PB-018', NULL, 'Plastic Bag 600*400*0.05', NULL, '600mm * 400mm * 0.05mm', '4', '1', NULL, '1', NULL, NULL, NULL, 0, NULL, 0, '0.00', '0.00'),
(23, 'PB-019', NULL, 'Plastic Bag 1200*900*0.06', NULL, '1200mm * 900mm * 0.06mm', '4', '1', NULL, '1', NULL, NULL, NULL, 0, NULL, 0, '0.00', '0.00'),
(24, 'PB-020', NULL, 'Plastic Bag 600*400*0.06', NULL, '600mm * 400mm * 0.06mm', '4', '1', NULL, '1', NULL, NULL, NULL, 0, NULL, 0, '0.00', '0.00'),
(25, 'CTB-001', NULL, 'Carton Box B1', NULL, 'Carton Box 539mm x 374mm x 368mm', '4', '1', NULL, '1', NULL, NULL, NULL, 0, NULL, 0, '0.00', '0.00'),
(26, 'CTB-002', NULL, 'Carton Box 600*400*300-10', NULL, 'Carton Box 600mm x 400mm x 300mm - 10', '4', '1', NULL, '1', NULL, NULL, NULL, 0, NULL, 0, '0.00', '0.00'),
(27, 'CTB-003', NULL, 'Carton Box CB590*390', NULL, 'Carton Box CB590*390', '4', '1', NULL, '1', NULL, NULL, NULL, 0, NULL, 0, '0.00', '0.00'),
(28, 'CTB-004', NULL, 'Carton Box ZX600*400*300-SLM', NULL, 'Carton Box ZX600*400*300-SLM', '4', '1', NULL, '1', NULL, NULL, NULL, 0, NULL, 0, '0.00', '0.00'),
(29, 'CTB-005', NULL, 'Carton Box 539x374x68', NULL, '539x374x68', '4', '1', NULL, '1', NULL, NULL, NULL, 0, NULL, 0, '0.00', '0.00'),
(30, 'CTB-006', NULL, 'Carton Box B3', NULL, 'Carton Box 546mm x 381mm x 191mm', '4', '1', NULL, '1', NULL, NULL, NULL, 0, NULL, 0, '0.00', '0.00'),
(31, 'CTB-007', NULL, 'Carton Box SIWS', NULL, 'Carton Box 456mm x 326mm x 350mm', '4', '1', NULL, '1', NULL, NULL, NULL, 0, NULL, 0, '0.00', '0.00'),
(32, 'CTB-008', NULL, 'Carton Box B2', NULL, 'Carton Box 345mm x 255mm x 340mm', '4', '1', NULL, '1', NULL, NULL, NULL, 0, NULL, 0, '0.00', '0.00'),
(33, 'CTB-009', NULL, 'Carton Box B0', NULL, 'Carton Box 665mm x 435mm x 550mm', '4', '1', NULL, '1', NULL, NULL, NULL, 0, NULL, 0, '0.00', '0.00'),
(34, 'CTB-010', NULL, 'Carton Box B5', NULL, 'Carton Box 700mm x 365mm x 470mm (Inside), 710mm x 370mm x 480mm (Outside)', '4', '1', NULL, '1', NULL, NULL, NULL, 0, NULL, 0, '0.00', '0.00'),
(35, 'CP-001', NULL, 'Corner Protection 50*50*4*80', NULL, '50*50*4*80', '4', '1', NULL, '1', NULL, NULL, NULL, 0, NULL, 0, '0.00', '0.00'),
(36, 'CP-002', NULL, 'High/Low Corner Protection 50*50*4*1940', NULL, '50*50*4*1940', '4', '1', NULL, '1', NULL, NULL, NULL, 0, NULL, 0, '0.00', '0.00'),
(37, 'TRB-001', NULL, 'Turnover Box 660*460*355mm Blue', NULL, '660*460*355mm', '4', '1', NULL, '1', NULL, NULL, NULL, 0, NULL, 0, '0.00', '0.00'),
(38, 'TRB-002', NULL, 'Turnover Box 690*485*375mm Blue', NULL, 'BOX BLUE 690*485*375mm', '4', '1', NULL, '1', NULL, NULL, NULL, 0, NULL, 0, '0.00', '0.00'),
(39, 'TRB-003', NULL, 'Turnover Box 690*485*375mm Green', NULL, 'BOX GREEN 690*485*375mm', '4', '1', NULL, '1', NULL, NULL, NULL, 0, NULL, 0, '0.00', '0.00'),
(40, 'BOARD-001', NULL, 'Paperboard 530x365x2', NULL, 'Paper Board 530mm x 365mm x 2mm', '4', '1', NULL, '1', NULL, NULL, NULL, 0, NULL, 0, '0.00', '0.00'),
(41, 'BOARD-002', NULL, 'Layer', NULL, 'Layer 575mm x 370mm', '4', '1', NULL, '1', NULL, NULL, NULL, 0, NULL, 0, '0.00', '0.00'),
(42, 'BOARD-003', NULL, 'Paperboard 530x355x2', NULL, 'Paperboard 530mm x 355mm x 2mm', '4', '1', NULL, '1', NULL, NULL, NULL, 0, NULL, 0, '0.00', '0.00'),
(43, 'BOARD-004', NULL, 'Paperboard 450x320x2', NULL, 'Paperboard 450mm x 320mm x 2mm', '4', '1', NULL, '1', NULL, NULL, NULL, 0, NULL, 0, '0.00', '0.00'),
(44, 'BOARD-005', NULL, 'Paperboard 640x415x2', NULL, 'Paperboard 640mm x 415mm x 2mm', '4', '1', NULL, '1', NULL, NULL, NULL, 0, NULL, 0, '0.00', '0.00'),
(45, 'BOARD-006', NULL, 'Paperboard 336x246x2', NULL, 'Paperboard 336mm x 246mm x 2mm', '4', '1', NULL, '1', NULL, NULL, NULL, 0, NULL, 0, '0.00', '0.00'),
(46, 'PRT-001', NULL, 'Partition (XC2B)', NULL, 'Carton 545mm x 365mm x 115mm, XC2B', '4', '1', '5', '1', NULL, NULL, NULL, 0, NULL, 0, '0.00', '0.00'),
(47, 'PRT-002', NULL, 'Partition A', NULL, 'Carton, 540mm x 370mm x 195mm, t=2mm', '4', '1', NULL, '1', NULL, NULL, NULL, 0, NULL, 0, '0.00', '0.00'),
(48, 'PRT-003', NULL, 'Partition B', NULL, 'Carton, 470mm x 408mm x 470mm x 150mm, t=2mm', '4', '1', NULL, '1', NULL, NULL, NULL, 0, NULL, 0, '0.00', '0.00'),
(49, 'PRT-004', NULL, 'Partition', NULL, 'Carton, 120mm x 370mm x 2mm', '4', '1', NULL, '1', NULL, NULL, NULL, 0, NULL, 0, '0.00', '0.00'),
(50, 'PRT-005', NULL, 'Partition', NULL, 'Carton, 90mm x 370mm x 2mm', '4', '1', NULL, '1', NULL, NULL, NULL, 0, NULL, 0, '0.00', '0.00'),
(51, 'PRT-006', NULL, 'Partition E', NULL, 'Carton, 540mm x 365mm x 115mm_2 Barrier', '4', '1', NULL, '1', NULL, NULL, NULL, 0, NULL, 0, '0.00', '0.00'),
(52, 'PRT-007', NULL, 'Partition C', NULL, 'Carton, 525mm x 362mm x 115mm_3 Barrier', '4', '1', NULL, '1', NULL, NULL, NULL, 0, NULL, 0, '0.00', '0.00'),
(53, 'PRT-008', NULL, 'Partition D', NULL, 'Carton, 525mm x 362mm x 80mm_4 Barrier', '4', '1', NULL, '1', NULL, NULL, NULL, 0, NULL, 0, '0.00', '0.00'),
(54, 'PRT-009', NULL, 'Partition BBM01', NULL, 'Carton, 640mm x 415mm x 235mm_3 Barrier', '4', '1', NULL, '1', NULL, NULL, NULL, 0, NULL, 0, '0.00', '0.00'),
(55, 'PRT-010', NULL, 'Partition F', NULL, 'Carton, 525mm x 362mm x 90mm_4 Barrier', '4', '1', NULL, '1', NULL, NULL, NULL, 0, NULL, 0, '0.00', '0.00'),
(56, 'PRT-011', NULL, 'Partition G', NULL, 'Carton, 525mm x 308mm x 85mm_4 Barrier', '4', '1', NULL, '1', NULL, NULL, NULL, 0, NULL, 0, '0.00', '0.00'),
(57, 'PA66 A0210', NULL, 'Nylon Plastic Materials', NULL, 'BLACK,PA66 A0210', '2', '2', NULL, '1', NULL, NULL, NULL, 0, '3', 0, '0.00', '0.00'),
(58, 'PA66+PPE A0230', NULL, 'Nylon Plastic Materials', NULL, 'BLACK,PA66+PPE A0230', '2', '2', NULL, '1', NULL, NULL, NULL, 0, '3', 0, '0.00', '0.00'),
(59, 'PA66+TPE(TR161)-1', NULL, 'Nylon Plastic Materials', NULL, 'Black,PA66+TPE(TR161),230', '2', '2', NULL, '1', NULL, NULL, NULL, 0, '3', 0, '0.00', '0.00'),
(60, 'PA66+TPE(TR161)-2', NULL, 'Nylon Plastic Materials', NULL, 'ORANGE,PA66+TPE(TR161)250', '2', '2', NULL, '1', NULL, NULL, NULL, 0, '3', 0, '0.00', '0.00'),
(61, 'PA66103FHS', NULL, 'Nylon Material', NULL, 'BLACK,PPA66103FHS', '2', '2', NULL, '1', NULL, NULL, NULL, 0, '3', 0, '0.00', '0.00'),
(62, 'PA66A3W', NULL, 'Nylon Plastic Materials', NULL, 'Black,PA66 A3W', '2', '2', NULL, '1', NULL, NULL, NULL, 0, '3', 0, '0.00', '0.00'),
(63, 'PA66FR250', NULL, 'Nylon Plastic Materials', NULL, 'BLACK,PA66FR250', '2', '2', NULL, '1', NULL, NULL, NULL, 0, '3', 0, '0.00', '0.00'),
(64, 'PA66GTX951W-7001', NULL, 'Nylon Plastic Materials', NULL, 'BLACK,PA66+PPE GTX951W-7001', '2', '2', NULL, '1', NULL, NULL, NULL, 0, '3', 0, '0.00', '0.00'),
(65, 'PBT-1100-204B', NULL, 'Polybutylene Terephthalate', NULL, 'BLACK,PBT-1100-204B', '2', '2', NULL, '1', NULL, NULL, NULL, 0, '3', 0, '0.00', '0.00'),
(66, 'PBT2002', NULL, 'Polybutylene Terephthalate', NULL, 'NAATURAL,PBT 2002', '2', '2', NULL, '1', NULL, NULL, NULL, 0, '3', 0, '0.00', '0.00'),
(67, 'PBT-GF-1006', NULL, 'Polybutylene Terephthalate', NULL, 'WHITE,PBT-GF-1006-Natural', '2', '2', NULL, '1', NULL, NULL, NULL, 0, '3', 0, '0.00', '0.00'),
(68, 'POM(NW-02)', NULL, 'Polyoxymethylene Plastic Material', NULL, 'Natural, POM(NW-02)', '2', '2', NULL, '1', NULL, NULL, NULL, 0, '3', 0, '0.00', '0.00'),
(69, 'PP57MNK10', NULL, 'Polypropylene Plastic Materials', NULL, 'NATURAL,PP57MNK10', '2', '2', NULL, '1', NULL, NULL, NULL, 0, '3', 0, '0.00', '0.00'),
(70, 'PP8726RT-TH', NULL, 'Polypropylene Plastic Materials', NULL, 'ORANGE,PPB8726RT TH', '2', '2', NULL, '1', NULL, NULL, NULL, 0, '3', 0, '0.00', '0.00'),
(71, 'PPBF970A1', NULL, 'Polypropylene Plastic Materials', NULL, 'Natural, PPBF970A1', '2', '2', NULL, '1', NULL, NULL, NULL, 0, '3', 0, '0.00', '0.00'),
(72, 'PPBJ500', NULL, 'Polypropylene Plastic Materials', NULL, 'NATURAL,PPBJ500', '2', '2', NULL, '1', NULL, NULL, NULL, 0, '3', 0, '0.00', '0.00'),
(73, 'PPBJ550', NULL, 'Polypropylene Plastic Materials', NULL, 'Natural, PPBJ550', '2', '2', NULL, '1', NULL, NULL, NULL, 0, '3', 0, '0.00', '0.00'),
(74, 'PPC606W', NULL, 'Polypropylene Plastic Materials', NULL, 'BLACK,PPC606W', '2', '2', NULL, '1', NULL, NULL, NULL, 0, '3', 0, '0.00', '0.00'),
(75, 'PPC616WT', NULL, 'Polypropylene Plastic Materials', NULL, 'Black,PPC616WT', '2', '2', NULL, '1', NULL, NULL, NULL, 0, '3', 0, '0.00', '0.00'),
(76, 'PPJ715M', NULL, 'Polypropylene Plastic Material', NULL, 'NATURAL,PPJ715M', '2', '2', NULL, '1', NULL, NULL, NULL, 0, '3', 0, '0.00', '0.00'),
(77, 'PPTC426BT', NULL, 'Polypropylene Plastic Materials', NULL, 'Black,PPTC426BT', '2', '2', NULL, '1', NULL, NULL, NULL, 0, '3', 0, '0.00', '0.00'),
(78, 'PPTD10', NULL, 'Polypropylene Plastic Materials', NULL, 'Black,PP TD10(3510H-10000)', '2', '2', NULL, '1', NULL, NULL, NULL, 0, '3', 0, '0.00', '0.00'),
(79, 'RM', NULL, 'Polypropylene Plastic Materials', NULL, 'Natural Color,PA66 1300S', '2', '2', NULL, '1', NULL, NULL, NULL, 0, '3', 0, '0.00', '0.00'),
(80, 'ZYLPPBF970AI', NULL, 'Polypropylene Plastic Materials', NULL, 'Natural Color,PP', '2', '2', NULL, '1', NULL, NULL, NULL, 0, '3', 0, '0.00', '0.00'),
(81, 'CM110', NULL, 'Master Batch', NULL, 'Black, Master Batch, cm110', '2', '2', NULL, '1', NULL, NULL, NULL, 0, '4', 0, '0.00', '0.00'),
(82, 'ECOMA_A-FR41', NULL, 'Master Batch', NULL, 'Black, Master Batch, ECOMA A-FR41', '2', '2', NULL, '1', NULL, NULL, NULL, 0, '4', 0, '0.00', '0.00'),
(83, 'ECOMA_A-FR46', NULL, 'Master Batch', NULL, 'Black, Master Batch, ECOMA A-FR46, Manufacturer : TEAMPLAST THAI CO.,LTD, Origin : Thailand', '2', '2', NULL, '1', NULL, NULL, NULL, 0, '4', 0, '0.00', '0.00'),
(84, 'EP-1991-20A', NULL, 'Master Batch', NULL, 'Orange,Master Batch,EP-1991-20A', '2', '2', NULL, '1', NULL, NULL, NULL, 0, '4', 0, '0.00', '0.00'),
(85, 'P1-1212-20', NULL, 'Master Batch', NULL, 'Black, Master Batch, P1-1212-20', '2', '2', NULL, '1', NULL, NULL, NULL, 0, '4', 0, '0.00', '0.00'),
(86, 'PE4005', NULL, 'Master Batch', NULL, 'Black,Master Batch,PE 4005', '2', '2', NULL, '1', NULL, NULL, NULL, 0, '4', 0, '0.00', '0.00'),
(87, 'PH-6728', NULL, 'Master Batch', NULL, 'Black, Master Batch, PH-6728', '2', '2', NULL, '1', NULL, NULL, NULL, 0, '4', 0, '0.00', '0.00'),
(88, 'PH-6728BK', NULL, 'Master Batch', NULL, 'Black, Master Batch, PH-6728BK', '2', '2', NULL, '1', NULL, NULL, NULL, 0, '4', 0, '0.00', '0.00'),
(89, 'PPM17N5998BK', NULL, 'Master Batch', NULL, 'Black, Master Batch, PPM17N5998', '2', '2', NULL, '1', NULL, NULL, NULL, 0, '4', 0, '0.00', '0.00'),
(90, 'SMTY', NULL, 'Master Batch', NULL, 'Black, Master Batch, SMTY', '2', '2', NULL, '1', NULL, NULL, NULL, 0, '4', 0, '0.00', '0.00'),
(91, 'IAP7047-1215', NULL, 'Stud Clamp', NULL, '7047-1215', '3', '1', NULL, '1', NULL, NULL, NULL, 0, NULL, 0, '0.00', '0.00'),
(92, 'IAP7116-8190-02', NULL, 'Terminal', NULL, '7116-8190-02', '3', '1', NULL, '1', NULL, NULL, NULL, 0, NULL, 0, '0.00', '0.00'),
(93, 'IAP7117-5537-02', NULL, 'Busbar', NULL, '7117-5537-02', '3', '1', NULL, '1', NULL, NULL, NULL, 0, NULL, 0, '0.00', '0.00'),
(94, 'IAP7117-5725-02', NULL, 'Busbar A', NULL, '7117-5725-02', '3', '1', NULL, '1', NULL, NULL, NULL, 0, NULL, 0, '0.00', '0.00'),
(95, 'IAP7117-5726-02', NULL, 'Busbar B', NULL, '7117-5726-02', '3', '1', NULL, '1', NULL, NULL, NULL, 0, NULL, 0, '0.00', '0.00'),
(96, 'IAP7145-0039-0W', NULL, 'Metal collar ring', NULL, '7145-0039-0W', '3', '1', NULL, '1', NULL, NULL, NULL, 0, NULL, 0, '0.00', '0.00'),
(97, 'IAP7145-0110-0W', NULL, 'Metal Collar Ring', NULL, '7145-0110-0W', '3', '1', NULL, '1', NULL, NULL, NULL, 0, NULL, 0, '0.00', '0.00'),
(98, 'IAP7145-0120-0W', NULL, 'Metal collar ring', NULL, '7145-0120-0W', '3', '1', NULL, '1', NULL, NULL, NULL, 0, NULL, 0, '0.00', '0.00'),
(99, 'IAP7145-0121-0W', NULL, 'Metal collar ring', NULL, '7145-0121-0W', '3', '1', NULL, '1', NULL, NULL, NULL, 0, NULL, 0, '0.00', '0.00'),
(100, 'IAP7145-0125-0W', NULL, 'Metal collar ring', NULL, '7145-0125-0W', '3', '1', NULL, '1', NULL, NULL, NULL, 0, NULL, 0, '0.00', '0.00'),
(101, 'IAP7145-0129-0W', NULL, 'Metal collar ring', NULL, '7145-0129-0W', '3', '1', NULL, '1', NULL, NULL, NULL, 0, NULL, 0, '0.00', '0.00'),
(102, 'IAP7145-0143-0W', NULL, 'Metal Collar Ring', NULL, '7145-0143-0W', '3', '1', NULL, '1', NULL, NULL, NULL, 0, NULL, 0, '0.00', '0.00'),
(103, 'IAP7145-0147-0W', NULL, 'Metal collar ring', NULL, '7145-0147-0W', '3', '1', NULL, '1', NULL, NULL, NULL, 0, NULL, 0, '0.00', '0.00'),
(104, 'IAP7145-9263-0W', NULL, 'Metal Collar Ring', NULL, '7145-9263-0W', '3', '1', NULL, '1', NULL, NULL, NULL, 0, NULL, 0, '0.00', '0.00'),
(105, 'IAP7145-9303-0W', NULL, 'Metal collar ring', NULL, '7145-9303-0W', '3', '1', NULL, '1', NULL, NULL, NULL, 0, NULL, 0, '0.00', '0.00'),
(106, 'IAP7145-9331-0W', NULL, 'Metal collar ring', NULL, '7145-9331-0W', '3', '1', NULL, '1', NULL, NULL, NULL, 0, NULL, 0, '0.00', '0.00'),
(107, 'IAP7145-9332-0W', NULL, 'Metal Collar Ring', NULL, '7145-9332-0W', '3', '1', NULL, '1', NULL, NULL, NULL, 0, NULL, 0, '0.00', '0.00'),
(108, 'IAP7145-9340-0W', NULL, 'Metal Collar Ring', NULL, '7145-9340-0W', '3', '1', NULL, '1', NULL, NULL, NULL, 0, NULL, 0, '0.00', '0.00'),
(109, 'IAP7145-9342-0W', NULL, 'Metal collar ring', NULL, '7145-9342-0W', '3', '1', NULL, '1', NULL, NULL, NULL, 0, NULL, 0, '0.00', '0.00'),
(110, 'IAP7145-9434-0W', NULL, 'Metal Collar Ring', NULL, '7145-9434-0W', '3', '1', NULL, '1', NULL, NULL, NULL, 0, NULL, 0, '0.00', '0.00'),
(111, 'IAP7145-9474-03', NULL, 'Metal collar ring', NULL, '7145-9474-03', '3', '1', NULL, '1', NULL, NULL, NULL, 0, NULL, 0, '0.00', '0.00'),
(112, 'IAP7145-9926-0W', NULL, 'Metal collar ring', NULL, '7145-9926-0W', '3', '1', NULL, '1', NULL, NULL, NULL, 0, NULL, 0, '0.00', '0.00'),
(113, 'IAP7145-9952-0W', NULL, 'Metal Collar Ring', NULL, '7145-9952-0W', '3', '1', NULL, '1', NULL, NULL, NULL, 0, NULL, 0, '0.00', '0.00'),
(114, 'IAP7145-9953-0W', NULL, 'Metal collar ring', NULL, '7145-9953-0W', '3', '1', NULL, '1', NULL, NULL, NULL, 0, NULL, 0, '0.00', '0.00'),
(115, 'IAP7145-9954-0W', NULL, 'Metal collar ring', NULL, '7145-9954-0W', '3', '1', NULL, '1', NULL, NULL, NULL, 0, NULL, 0, '0.00', '0.00'),
(116, 'IAP7145-9955-0W', NULL, 'Metal collar ring', NULL, '7145-9955-0W', '3', '1', NULL, '1', NULL, NULL, NULL, 0, NULL, 0, '0.00', '0.00'),
(117, 'IAP7145-9956-0W', NULL, 'Metal collar ring', NULL, '7145-9956-0W', '3', '1', NULL, '1', NULL, NULL, NULL, 0, NULL, 0, '0.00', '0.00'),
(118, 'IAP7145-9958-0W', NULL, 'Metal collar ring', NULL, '7145-9958-0W', '3', '1', NULL, '1', NULL, NULL, NULL, 0, NULL, 0, '0.00', '0.00'),
(119, 'IAP7145-9962-0W', NULL, 'Metal collar ring', NULL, '7145-9962-0W', '3', '1', NULL, '1', NULL, NULL, NULL, 0, NULL, 0, '0.00', '0.00'),
(120, 'IAP7150-3273-0W', NULL, 'Bolt M6', NULL, '7150-3273-0W', '3', '1', NULL, '1', NULL, NULL, NULL, 0, NULL, 0, '0.00', '0.00'),
(121, 'IAP7151-1192-0W', NULL, 'Square Nut M6', NULL, '7151-1192-0W', '3', '1', NULL, '1', NULL, NULL, NULL, 0, NULL, 0, '0.00', '0.00'),
(122, 'IAP7152-1461-30', NULL, 'Stud Clamp', NULL, '7152-1461-30', '3', '1', NULL, '1', NULL, NULL, NULL, 0, NULL, 0, '0.00', '0.00'),
(123, 'IAP7154-9902-50', NULL, 'Jump Start', NULL, '7154-9902-50', '3', '1', NULL, '1', NULL, NULL, NULL, 0, NULL, 0, '0.00', '0.00'),
(124, 'IAP7158-9497', NULL, 'Clip', NULL, '7158-9497', '3', '1', NULL, '1', NULL, NULL, NULL, 0, NULL, 0, '0.00', '0.00'),
(125, 'IAP7171-3931-50', NULL, 'Terminal', NULL, '7171-3931-50', '3', '1', NULL, '1', NULL, NULL, NULL, 0, NULL, 0, '0.00', '0.00'),
(126, 'IAP7184-9059-50U', NULL, 'COT D22  Stopper', NULL, '7184-9059-50U', '3', '1', NULL, '1', NULL, NULL, NULL, 0, NULL, 0, '0.00', '0.00'),
(127, 'IAP7247-8768', NULL, 'Clip', NULL, '7247-8768', '3', '1', NULL, '1', NULL, NULL, NULL, 0, NULL, 0, '0.00', '0.00'),
(128, 'TEST BERUBAH', NULL, 'Test', NULL, 'Test', '1', '1', '', '0', '', '0.0000', 0, 0, '', 0, '0.00', '0.00'),
(129, '6351-5296', NULL, 'RB Cover', NULL, 'BLACK,PPBF970A1-6,D55L,D26A,SIWS', '1', '1', '13', '1', '2', '56.3000', 42, 0, '1', 0, '0.00', '0.00'),
(130, '6910-8534', NULL, 'Bracket', NULL, 'NATURAL,PBT-2002,D26A,SIWS', '1', '1', '13', '1', '2', '11.8000', 100, 0, '1', 0, '0.00', '0.00'),
(131, '6910-8535', NULL, 'Bracket', NULL, 'NATURAL,PBT-2002,D26A,SIWS', '1', '1', '13', '1', '2', '8.5000', 100, 0, '1', 0, '0.00', '0.00'),
(132, '7142-6243-51', NULL, 'Protector', NULL, 'ORANGE,PPBJ550-3,T-PROJECT,PASI', '1', '1', '9', '1', '1', '3.4500', 1600, 0, '1', 0, '0.00', '0.00'),
(133, '7142-6294-51', NULL, 'Protector', NULL, 'ORANGE,PPBJ550-2,T-PROJECT,PASI', '1', '1', '9', '1', '1', '4.2000', 1600, 0, '1', 0, '0.00', '0.00'),
(134, '7152-5603-30', NULL, 'Connector Holder', NULL, 'BLACK,PPBF970AI-7,665B,PASI', '1', '1', '12', '1', '1', '15.2000', 455, 0, '1', 0, '0.00', '0.00'),
(135, '7154-0826-30', NULL, 'RB Base', NULL, 'BLACK,PA66 A0210,T-Project,PASI', '1', '1', '9', '1', '1', '32.5000', 225, 0, '1', 0, '0.00', '0.00'),
(136, '7154-7540-30', NULL, 'RB FRAME', NULL, 'BLACK,PPTC426BT,T-Project,PASI', '1', '1', '9', '1', '1', '80.5000', 48, 0, '1', 0, '0.00', '0.00'),
(137, '7154-7542-30', NULL, 'RB Cover', NULL, 'BLACK,PPTC426BT,T-Project,PASI', '1', '1', '9', '1', '1', '77.3000', 30, 0, '1', 0, '0.00', '0.00'),
(138, '7154-7618-30', NULL, 'RB Cover', NULL, 'BLACK,PPTC426BT,T-Project,PASI', '1', '1', '9', '1', '1', '82.9000', 30, 0, '1', 0, '0.00', '0.00'),
(139, '7154-7873-30', NULL, 'R/B Cover', NULL, 'BLACK,57MNK10-1,T-PROJECT,PASI', '1', '1', '9', '1', '1', '9.3500', 800, 0, '1', 0, '0.00', '0.00'),
(140, '7154-7874-30', NULL, 'R/B Cover', NULL, 'BLACK,57MNK10-1,T-PROJECT,PASI', '1', '1', '9', '1', '1', '3.7000', 800, 0, '1', 0, '0.00', '0.00'),
(141, '7154-7940-30', NULL, 'R/B Cover', NULL, 'BLACK,PP57MNK10-1,T-Project,PASI', '1', '1', '9', '1', '1', '14.3000', 600, 0, '1', 0, '0.00', '0.00'),
(142, '7171-1463-30', NULL, 'RB Frame', NULL, 'BLACK,PP C426BT,T-Project,PASI', '1', '1', '9', '1', '1', '230.9000', 10, 0, '1', 0, '0.00', '0.00'),
(143, '7171-2116', NULL, 'Protector', NULL, 'NATURAL,PPBF970A1,D55L, PASI', '1', '1', '2', '1', '1', '38.6000', 150, 0, '1', 0, '0.00', '0.00'),
(144, '7171-2188-30', NULL, 'R/B', NULL, 'BLACK,PA66GTX951W-7001,670B,PASI', '1', '1', '4', '1', '1', '21.0000', 1092, 0, '1', 0, '0.00', '0.00'),
(145, '7171-5408-30', NULL, 'RB Cover', NULL, 'BLACK,PP C426BT,T-Project,PASI', '1', '1', '9', '1', '1', '131.3000', 18, 0, '1', 0, '0.00', '0.00'),
(146, '7171-6047', NULL, 'RB Frame', NULL, 'NATURAL,PP57MNK10,T-Project,PASI', '1', '1', '9', '1', '1', '125.0000', 40, 0, '1', 0, '0.00', '0.00'),
(147, '7171-6048', NULL, 'RB Frame', NULL, 'NATURAL,PP57MNK10,T-Project,PASI', '1', '1', '9', '1', '1', '124.3000', 40, 0, '1', 0, '0.00', '0.00'),
(148, '7171-6330-30', NULL, 'Protector', NULL, 'BLACK,PPBF970A1-8,400B,PASI', '1', '1', '3', '1', '1', '15.8000', 750, 0, '1', 0, '0.00', '0.00'),
(149, '7171-6334-30', NULL, 'Protector', NULL, 'BLACK,PBT-1100-204B,400B,PASI', '1', '1', '3', '1', '1', '4.2000', 3600, 0, '1', 0, '0.00', '0.00'),
(150, '7171-6335-30', NULL, 'Protector', NULL, 'BLACK,PBT-1100-204B,400B,PASI', '1', '1', '3', '1', '1', '3.9000', 4000, 0, '1', 0, '0.00', '0.00'),
(151, '7171-6395-30', NULL, 'Protector', NULL, 'BLACK,PA66+TPE(TR161),775B,PASI', '1', '1', '7', '1', '1', '50.4000', 128, 0, '1', 0, '0.00', '0.00'),
(152, '7171-6396-30', NULL, 'Protector', NULL, 'BLACK,PA66+TPE(TR161),775B,PASI', '1', '1', '7', '1', '1', '13.8000', 300, 0, '1', 0, '0.00', '0.00'),
(153, '7171-6443', NULL, 'Protector', NULL, 'NATURAL,PPBF970A1,D55L,PASI', '1', '1', '2', '1', '1', '10.8000', 480, 0, '1', 0, '0.00', '0.00'),
(154, '7171-6444', NULL, 'Protector', NULL, 'NATURAL,PPBF970A1,D55L,PASI', '1', '1', '2', '1', '1', '18.0000', 216, 0, '1', 0, '0.00', '0.00'),
(155, '7171-7072-30', NULL, 'Protector', NULL, 'BLACK,PPJ715M-1,T-PROJECT,PASI', '1', '1', '9', '1', '1', '6.1000', 600, 0, '1', 0, '0.00', '0.00'),
(156, '7171-8385', NULL, 'Protector', NULL, 'NATURAL,PPBF970A1,D55L,PASI', '1', '1', '2', '1', '1', '25.5000', 238, 0, '1', 0, '0.00', '0.00'),
(157, '7171-8403-30', NULL, 'Protector', NULL, 'BLACK,PPBF970A1-5,670B,PASI', '1', '1', '4', '1', '1', '22.0000', 72, 0, '1', 0, '0.00', '0.00'),
(158, '7171-9408-30', NULL, 'RB Cover', NULL, 'BLACK,PP C426BT,T-Project,PASI', '1', '1', '9', '1', '1', '0.0000', 1, 0, '1', 0, '0.00', '0.00'),
(159, '7173-2669', NULL, 'Protector', NULL, 'NATURAL,PPBJ500,T-Project,PASI', '1', '1', '9', '1', '1', '5.7000', 1000, 0, '1', 0, '0.00', '0.00'),
(160, '7173-2680', NULL, 'Protector', NULL, 'NATURAL,PP57MNK10,T-PROJECT,PASI', '1', '1', '9', '1', '1', '24.7000', 120, 0, '1', 0, '0.00', '0.00'),
(161, '7173-2688', NULL, 'Protector', NULL, 'NATURAL,PP57MNK10,T-Project,PASI', '1', '1', '9', '1', '1', '5.1000', 1600, 0, '1', 0, '0.00', '0.00'),
(162, '7173-2786', NULL, 'Protector', NULL, 'NATURAL,PP57MNK10-T-PROJECT,PASI', '1', '1', '9', '1', '1', '10.6500', 600, 0, '1', 0, '0.00', '0.00'),
(163, '7173-3016-30', NULL, 'Protector', NULL, 'BLACK,PPBJ500-1,T-Project,PASI', '1', '1', '9', '1', '1', '21.0000', 80, 0, '1', 0, '0.00', '0.00'),
(164, '7173-3018-30', NULL, 'Protector', NULL, 'BLACK,PPBJ500-1,T-Project,PASI', '1', '1', '9', '1', '1', '21.6000', 80, 0, '1', 0, '0.00', '0.00'),
(165, '7173-4797-30', NULL, 'Protector', NULL, 'BLACK,PP BJ550,XC2B,PASI', '1', '1', '5', '1', '1', '23.6000', 300, 0, '1', 0, '0.00', '0.00'),
(166, '7173-4799-30', NULL, 'Protector', NULL, 'BLACK,PP BJ550,XC2B,PASI', '1', '1', '5', '1', '1', '23.6000', 300, 0, '1', 0, '0.00', '0.00'),
(167, '7176-0044-30', NULL, 'Protector', NULL, 'BLACK,PA66A3W,T-Project,PASI', '1', '1', '9', '1', '1', '234.0000', 240, 0, '1', 0, '0.00', '0.00'),
(168, '7176-0045-30', NULL, 'Protector', NULL, 'BLACK,PA66A3W,T-Project,PASI', '1', '1', '9', '1', '1', '7.5000', 800, 0, '1', 0, '0.00', '0.00'),
(169, '7176-0190-30', NULL, 'Protector', NULL, 'BLACK,PPBF970A1-8,150B,PASI', '1', '1', '1', '1', '1', '44.6000', 75, 0, '1', 0, '0.00', '0.00'),
(170, '7176-0192-30', NULL, 'Protector', NULL, 'BLACK,PPBF970A1-8,150B,PASI', '1', '1', '1', '1', '1', '24.9000', 280, 0, '1', 0, '0.00', '0.00'),
(171, '7176-0194-30', NULL, 'Protector', NULL, 'BLACK,PPBF970A1-8,150B,PASI', '1', '1', '1', '1', '1', '40.8000', 100, 0, '1', 0, '0.00', '0.00'),
(172, '7176-0196-30', NULL, 'Protector', NULL, 'BLACK,PPBF970A1-8,150B,PASI', '1', '1', '1', '1', '1', '18.3000', 360, 0, '1', 0, '0.00', '0.00'),
(173, '7176-0198-30', NULL, 'Protector', NULL, 'BLACK,PPBF970A1-8,150B,PASI', '1', '1', '1', '1', '1', '24.0000', 220, 0, '1', 0, '0.00', '0.00'),
(174, '7176-0200-30', NULL, 'Protector', NULL, 'BLACK,PPC616WT,T-Project,PASI', '1', '1', '9', '1', '1', '47.7000', 80, 0, '1', 0, '0.00', '0.00'),
(175, '7176-0202-30', NULL, 'Protector', NULL, 'BLACK,PPBF970A1-8,150B,PASI', '1', '1', '1', '1', '1', '24.8000', 224, 0, '1', 0, '0.00', '0.00'),
(176, '7176-0205-30', NULL, 'Protector', NULL, 'BLACK,PPBF970AI-8,150B,PASI', '1', '1', '1', '1', '1', '45.4000', 48, 0, '1', 0, '0.00', '0.00'),
(177, '7176-0206-30', NULL, 'Protector', NULL, 'BLACK,PPBF970A1-8,150B,150B,PASI', '1', '1', '1', '1', '1', '16.1500', 420, 0, '1', 0, '0.00', '0.00'),
(178, '7176-0208-30', NULL, 'Protector', NULL, 'BLACK,PPBF970A1-8,150B,PASI', '1', '1', '1', '1', '1', '10.8000', 500, 0, '1', 0, '0.00', '0.00'),
(179, '7176-0452-30', NULL, 'Protector', NULL, 'BLACK,PA66A3W,T-Project,PASI', '1', '1', '9', '1', '1', '21.5000', 160, 0, '1', 0, '0.00', '0.00'),
(180, '7176-0920-50', NULL, 'Protector', NULL, 'ORANGE,PA66+TPE(TR161)-2,T-PROJECT,PASI', '1', '1', '9', '1', '1', '48.6000', 144, 0, '1', 0, '0.00', '0.00'),
(181, '7176-0922-50', NULL, 'Protector', NULL, 'ORANGE,PA66+TPE(TR161)-2,T-Project,PASI', '1', '1', '9', '1', '1', '17.6000', 200, 0, '1', 0, '0.00', '0.00'),
(182, '7176-1180', NULL, 'Protector', NULL, 'NATURAL,PPBJ500,T-Project,PASI', '1', '1', '9', '1', '1', '22.8000', 200, 0, '1', 0, '0.00', '0.00'),
(183, '7176-1716-30', NULL, 'Protector', NULL, 'BLACK,PA66 A0230,T-PROJECT,PASI', '1', '1', '9', '1', '1', '19.2000', 400, 0, '1', 0, '0.00', '0.00'),
(184, '7176-1722-30', NULL, 'Protector', NULL, 'BLACK,PA66 A0230,T-Project,PASI', '1', '1', '9', '1', '1', '31.1000', 200, 0, '1', 0, '0.00', '0.00'),
(185, '7176-2272-30', NULL, 'Protector', NULL, 'BLACK,PPBF970A1-8,150B,PASI', '1', '1', '1', '1', '1', '24.3500', 180, 0, '1', 0, '0.00', '0.00'),
(186, '7176-2274-30', NULL, 'Protector', NULL, 'BLACK,PA66A3W,150B,PASI', '1', '1', '1', '1', '1', '23.7000', 174, 0, '1', 0, '0.00', '0.00'),
(187, '7176-2275-30', NULL, 'Protector', NULL, 'BLACK,PPBF970A1-8,150B,PASI', '1', '1', '1', '1', '1', '15.6000', 450, 0, '1', 0, '0.00', '0.00'),
(188, '7176-2448-30', NULL, 'Protector', NULL, 'BLACK,PPBF970A1-8,150B,PASI', '1', '1', '1', '1', '1', '20.4000', 240, 0, '1', 0, '0.00', '0.00'),
(189, '7176-2450-30', NULL, 'Protector', NULL, 'BLACK,PPBF970A1-8,150B,150B,PASI', '1', '1', '1', '1', '1', '14.4000', 350, 0, '1', 0, '0.00', '0.00'),
(190, '7176-2452-30', NULL, 'Protector', NULL, 'BLACK,PA66A3W,150B,PASI', '1', '1', '1', '1', '1', '32.7500', 200, 0, '1', 0, '0.00', '0.00'),
(191, '7176-2454-30-A', NULL, 'Protector', NULL, 'BLACK,PA66A3W,150B,PASI', '1', '1', '1', '1', '1', '63.1000', 120, 0, '1', 0, '0.00', '0.00'),
(192, '7176-2469-30', NULL, 'Protector', NULL, 'BLACK,PPBF970A1-8,150B,PASI', '1', '1', '1', '1', '1', '35.7000', 120, 0, '1', 0, '0.00', '0.00'),
(193, '7176-2470-30', NULL, 'Protector', NULL, 'BLACK,PPBF970A1-8,150B,PASI', '1', '1', '1', '1', '1', '6.1000', 1300, 0, '1', 0, '0.00', '0.00'),
(194, '7176-2472-30', NULL, 'Protector', NULL, 'BLACK,PPBF970A1-8,150B,PASI', '1', '1', '1', '1', '1', '8.9000', 700, 0, '1', 0, '0.00', '0.00'),
(195, '7176-2476-30', NULL, 'Protector', NULL, 'BLACK,PPBF970A1-8,150B,PASI										\"', '1', '1', '1', '1', '2', '48.7000', 100, 0, '1', 0, '0.00', '0.00'),
(196, '7176-2479-30', NULL, 'Protector', NULL, 'BLACK,PPBF970A1-8,150B,PASI', '1', '1', '1', '1', '1', '8.4000', 900, 0, '1', 0, '0.00', '0.00'),
(197, '7176-2481-30', NULL, 'Protector', NULL, 'BLACK,PPBF970A1-8,150B,PASI', '1', '1', '1', '1', '1', '49.3000', 72, 0, '1', 0, '0.00', '0.00'),
(198, '7176-2483-30', NULL, 'Protector', NULL, 'BLACK,PA66A3W,150B,PASI', '1', '1', '1', '1', '1', '59.8000', 160, 0, '1', 0, '0.00', '0.00'),
(199, '7176-2488-30', NULL, 'Protector', NULL, 'BLACK,PPBF970A1-8,150B,PASI', '1', '1', '1', '1', '1', '10.7500', 450, 0, '1', 0, '0.00', '0.00'),
(200, '7176-3540-30', NULL, 'Protector', NULL, 'BLACK,PPBF970A1-8,400B,PASI', '1', '1', '3', '1', '1', '9.2000', 840, 0, '1', 0, '0.00', '0.00'),
(201, '7176-4122-30', NULL, 'Protector', NULL, 'BLACK,PA66A3W,400B,PASI', '1', '1', '3', '1', '1', '27.7000', 280, 0, '1', 0, '0.00', '0.00'),
(202, '7176-4683-30', NULL, 'Protector', NULL, 'BLACK,PA66A3W,400B,PASI', '1', '1', '3', '1', '1', '12.5000', 960, 0, '1', 0, '0.00', '0.00'),
(203, '7176-4684-30', NULL, 'Protector', NULL, 'BLACK,PPBF970A1-8,400B,PASI', '1', '1', '3', '1', '1', '4.2000', 2000, 0, '1', 0, '0.00', '0.00'),
(204, '7176-4735-30', NULL, 'Protector', NULL, 'BLACK,PA66+TPE(TR161),775B,PASI', '1', '1', '7', '1', '1', '18.0000', 200, 0, '1', 0, '0.00', '0.00'),
(205, '7176-4736-30', NULL, 'Protector', NULL, 'BLACK,PA66+TPE(TR161),775B,PASI', '1', '1', '7', '1', '1', '8.4000', 450, 0, '1', 0, '0.00', '0.00'),
(206, '7176-5263-30', NULL, 'Protector', NULL, 'BLACK,PPBF970A1-2,3M0,PASI', '1', '1', '10', '1', '1', '15.2000', 550, 0, '1', 0, '0.00', '0.00'),
(207, '7176-5264-30', NULL, 'Protector', NULL, 'BLACK,PPBF970A1-2,3M0,PASI', '1', '1', '10', '1', '1', '20.8000', 352, 0, '1', 0, '0.00', '0.00'),
(208, '7176-5265-30', NULL, 'Protector', NULL, 'BLACK,PPBF970A1-2,3M0,PASI', '1', '1', '10', '1', '1', '7.6000', 900, 0, '1', 0, '0.00', '0.00'),
(209, '7176-5399-30', NULL, 'Protector', NULL, 'BLACK,PPBF970A1-7,D55L,PASI', '1', '1', '2', '1', '1', '26.5000', 150, 0, '1', 0, '0.00', '0.00'),
(210, '7176-5458-30', NULL, 'Protector', NULL, 'BLACK,PPBF970A1-5,670B,PASI', '1', '1', '4', '1', '1', '22.0000', 110, 0, '1', 0, '0.00', '0.00'),
(211, '7176-5459-30', NULL, 'Protector', NULL, 'BLACK,PPBF970A1-5,670B,PASI', '1', '1', '4', '1', '1', '26.9000', 168, 0, '1', 0, '0.00', '0.00'),
(212, '7176-5460-30', NULL, 'Protector', NULL, 'BLACK,PPBF970A1-5,670B,PASI', '1', '1', '4', '1', '1', '9.9000', 600, 0, '1', 0, '0.00', '0.00'),
(213, '7176-5464-30', NULL, 'Protector', NULL, 'BLACK,PPBF970A1-5,670B,PASI', '1', '1', '4', '1', '1', '36.0000', 48, 0, '1', 0, '0.00', '0.00'),
(214, '7176-5466-30', NULL, 'Protector', NULL, 'BLACK,PPBF970A1-5,670B,PASI', '1', '1', '4', '1', '1', '14.0000', 78, 0, '1', 0, '0.00', '0.00'),
(215, '7176-5468-30', NULL, 'Protector', NULL, 'BLACK,PPBF970A1-5,670B,PASI', '1', '1', '4', '1', '1', '22.0000', 110, 0, '1', 0, '0.00', '0.00'),
(216, '7176-5558-30', NULL, 'Protector', NULL, 'BLACK,PPBF970A1-7,D26A,PASI', '1', '1', '13', '1', '1', '18.0000', 156, 0, '1', 0, '0.00', '0.00'),
(218, '7176-5559-30', NULL, 'Protector', NULL, 'BLACK,PPBF970A1-7,D26A,PASI', '1', '1', '13', '1', '1', '10.8000', 660, 0, '1', 0, '0.00', '0.00'),
(219, '7176-5594-99', NULL, 'Clamp Outer', NULL, 'BLACK,PPBF970A1-9,670B,PASI', '1', '1', '4', '1', '1', '68.8000', 40, 0, '1', 0, '0.00', '0.00'),
(220, '7176-5595-99', NULL, 'Clamp Outer', NULL, 'BLACK,PPBF970A1-9,670B,PASI', '1', '1', '4', '1', '1', '68.8000', 40, 0, '1', 0, '0.00', '0.00'),
(221, '7176-5598', NULL, 'Protector', NULL, 'NATURAL,POM(NW-02),670B,PASI', '1', '1', '4', '1', '1', '44.0000', 265, 0, '1', 0, '0.00', '0.00'),
(222, '7176-5599', NULL, 'Protector', NULL, 'NATURAL,POM(NW-02),670B,PASI', '1', '1', '4', '1', '1', '44.0000', 265, 0, '1', 0, '0.00', '0.00'),
(223, '7176-5600', NULL, 'Protector', NULL, 'NATURAL,PPBF970A1,670B,PASI', '1', '1', '4', '1', '1', '15.5000', 350, 0, '1', 0, '0.00', '0.00'),
(224, '7176-5601', NULL, 'Protector', NULL, 'NATURAL,PPBF970A1,670B,PASI', '1', '1', '4', '1', '1', '15.9000', 350, 0, '1', 0, '0.00', '0.00'),
(225, '7176-5602', NULL, 'Protector', NULL, 'NATURAL,POM(NW-02),670B,PASI', '1', '1', '4', '1', '1', '42.0000', 2440, 0, '1', 0, '0.00', '0.00'),
(226, '7184-6031-30', NULL, 'Protector', NULL, 'BLACK,PPA66FR250,T-Project,PASI', '1', '1', '9', '1', '1', '28.8000', 200, 0, '1', 0, '0.00', '0.00'),
(227, '7184-6033-30', NULL, 'Protector', NULL, 'BLACK,PPA66FR250,T-Project,PASI', '1', '1', '9', '1', '1', '12.8000', 500, 0, '1', 0, '0.00', '0.00'),
(228, '7184-6336-30', NULL, 'Protector', NULL, 'BLACK,PPBJ550,T-Project,PASI', '1', '1', '9', '1', '1', '32.5000', 40, 0, '1', 0, '0.00', '0.00'),
(229, '7184-6366-30', NULL, 'Protector', NULL, 'BLACK,PPC606W,T-PROJECT,PASI', '1', '1', '9', '1', '1', '33.0000', 100, 0, '1', 0, '0.00', '0.00'),
(230, '7184-7952-30', NULL, 'Protector', NULL, 'BLACK,PPJ5715M-1,T-PROJECT,PASI', '1', '1', '9', '1', '1', '11.0000', 300, 0, '1', 0, '0.00', '0.00'),
(231, '7184-9427', NULL, 'Protector', NULL, 'NATURAL,PP57MNK10,T-Project,PASI', '1', '1', '9', '1', '1', '28.4000', 75, 0, '1', 0, '0.00', '0.00'),
(232, '7184-9428', NULL, 'Protector', NULL, 'NATURAL,PP57MNK10,T-Project,PASI', '1', '1', '9', '1', '1', '18.3000', 270, 0, '1', 0, '0.00', '0.00'),
(233, '7184-9430', NULL, 'Protector', NULL, 'NATURAL,PP57MNK10,T-Project,PASI', '1', '1', '9', '1', '1', '27.3000', 60, 0, '1', 0, '0.00', '0.00'),
(234, '7184-9431', NULL, 'Protector', NULL, 'NATURAL,PP57MNK10,T-Project,PASI', '1', '1', '9', '1', '1', '17.9000', 180, 0, '1', 0, '0.00', '0.00'),
(235, '7184-9432', NULL, 'Protector', NULL, 'NATURAL,PP57MNK10,T-PROJECT,PASI', '1', '1', '9', '1', '1', '30.2000', 60, 0, '1', 0, '0.00', '0.00'),
(236, '7184-9433', NULL, 'Protector', NULL, 'NATURAL,PP57MNK10,T-PROJECT,PASI', '1', '1', '9', '1', '1', '20.8000', 180, 0, '1', 0, '0.00', '0.00'),
(237, '7184-9434', NULL, 'Protector', NULL, 'NATURAL,PP57MNK10,T-Project,PASI', '1', '1', '9', '1', '1', '30.5000', 90, 0, '1', 0, '0.00', '0.00'),
(238, '7184-9435', NULL, 'Protector', NULL, 'NATURAL,PP57MNK10,T-PROJECT,PASI', '1', '1', '9', '1', '1', '18.3000', 270, 0, '1', 0, '0.00', '0.00'),
(239, '7184-9440', NULL, 'Protector', NULL, 'NATURAL,PP57MNK10,T-Project,PASI', '1', '1', '9', '1', '1', '22.6000', 150, 0, '1', 0, '0.00', '0.00'),
(240, '7184-9441', NULL, 'Protector', NULL, 'NATURAL,PP57MNK10,T-PROJECT,PASI', '1', '1', '9', '1', '1', '23.5000', 150, 0, '1', 0, '0.00', '0.00'),
(241, '7184-9443-30', NULL, 'Protector', NULL, 'BLACK,PA66A3W,T-PROJECT,PASI', '1', '1', '9', '1', '1', '20.8000', 200, 0, '1', 0, '0.00', '0.00'),
(242, '7184-9461-30', NULL, 'Protector', NULL, 'BLACK, PA66A3W,T-Project, PASI', '1', '1', '9', '1', '1', '15.1000', 400, 0, '1', 0, '0.00', '0.00'),
(243, '7184-9462-30', NULL, 'Protector', NULL, 'BLACK,PA66A3W,T-Project,PASI', '1', '1', '9', '1', '1', '8.2000', 600, 0, '1', 0, '0.00', '0.00'),
(244, '7184-9473-30', NULL, 'Protector', NULL, 'BLACK,PPA66A3W,T-PROJECT,PASI', '1', '1', '9', '1', '1', '16.8000', 400, 0, '1', 0, '0.00', '0.00'),
(245, '7184-9474-30', NULL, 'Protector', NULL, 'BLACK,PPA66A3W,T-PROJECT,PASI', '1', '1', '9', '1', '1', '7.8000', 600, 0, '1', 0, '0.00', '0.00'),
(246, '7184-9603', NULL, 'Protector', NULL, 'NATURAL,PPBJ500,T-PROJECT,PASI', '1', '1', '9', '1', '1', '36.1000', 180, 0, '1', 0, '0.00', '0.00'),
(247, '7184-9691', NULL, 'Protector', NULL, 'NATURAL,PP57MNK10,T-PROJECT,PASI', '1', '1', '9', '1', '1', '88.4000', 45, 0, '1', 0, '0.00', '0.00'),
(248, '7184-9829-30', NULL, 'Protector', NULL, 'BLACK,PA66A3W,T-Project,PASI', '1', '1', '9', '1', '1', '36.2000', 160, 0, '1', 0, '0.00', '0.00'),
(249, '7184-9833-30', NULL, 'Protector', NULL, 'BLACK,PA66A3W,T-Project,PASI', '1', '1', '9', '1', '1', '33.4000', 200, 0, '1', 0, '0.00', '0.00'),
(250, '7184-9837-30', NULL, 'Protector', NULL, 'BLACK,PA66A3W,T-Project,PASI', '1', '1', '9', '1', '1', '24.3000', 200, 0, '1', 0, '0.00', '0.00'),
(251, '7184-9839-30', NULL, 'Protector\"', NULL, 'BLACK,PA66A3W,T-Project,PASI', '1', '1', '9', '1', '1', '26.5000', 160, 0, '1', 0, '0.00', '0.00'),
(252, '7185-0273-51', NULL, 'Protector', NULL, 'ORANGE,PPBJ550-3,T-PROJECT,PASI', '1', '1', '9', '1', '1', '3.4000', 1600, 0, '1', 0, '0.00', '0.00'),
(253, '7242-6333-30', NULL, 'BBM', NULL, 'BLACK,PPBJ550-4,T-Project,PASI', '1', '1', '9', '1', '1', '51.5000', 40, 0, '1', 0, '0.00', '0.00'),
(254, '7242-6334-30', NULL, 'BBM', NULL, 'BLACK,PPBJ550-4,T-Project,PASI', '1', '1', '9', '1', '1', '51.2000', 40, 0, '1', 0, '0.00', '0.00'),
(255, '7242-6336-30', NULL, 'BBM', NULL, 'BLACK,PPBJ550-4,T-Project,PASI', '1', '1', '9', '1', '1', '90.2200', 40, 0, '1', 0, '0.00', '0.00'),
(256, '7242-6339-30', NULL, 'BBM', NULL, 'BLACK,PPBJ550-4,T-Project,PASI', '1', '1', '9', '1', '1', '163.2800', 40, 0, '1', 0, '0.00', '0.00'),
(257, '7242-6340-30', NULL, 'BBM', NULL, 'BLACK,PPBJ550-4,T-Project,PASI', '1', '1', '9', '1', '1', '163.2800', 40, 0, '1', 0, '0.00', '0.00'),
(258, '7254-0955-30', NULL, 'RB Base', NULL, 'BLACK,PA66+PPE GTX951W,T-Project,PASI', '1', '1', '9', '1', '1', '33.0000', 150, 0, '1', 0, '0.00', '0.00'),
(259, '7254-7988-3W', NULL, 'RB Cover', NULL, 'BLACK,PPTD10,T-Project,PASI', '1', '1', '9', '1', '1', '83.5000', 32, 0, '1', 0, '0.00', '0.00'),
(260, '7271-1295-3W', NULL, 'RB Frame', NULL, 'BLACK,PPTD10,T-Project,PASI', '1', '1', '9', '1', '1', '208.2000', 18, 0, '1', 0, '0.00', '0.00'),
(261, '7271-1296-3W', NULL, 'RB Base', NULL, 'BLACK,PA66+PPE GTX951W,T-Project,PASI', '1', '1', '9', '1', '1', '59.5000', 116, 0, '1', 0, '0.00', '0.00'),
(262, '7271-1297-3W', NULL, 'RB FRAME', NULL, 'BLACK,PPTD10,T-Project,PASI', '1', '1', '9', '1', '1', '358.3000', 6, 0, '1', 0, '0.00', '0.00'),
(263, '7271-1413-3W', NULL, 'RB Frame', NULL, 'BLACK,PPTD10,T-Project,PASI', '1', '1', '9', '1', '1', '279.8000', 12, 0, '1', 0, '0.00', '0.00'),
(264, '7271-1414-3W', NULL, 'RB Frame', NULL, 'BLACK,PPTD10,T-Project,PASI', '1', '1', '9', '1', '1', '279.8000', 12, 0, '1', 0, '0.00', '0.00'),
(265, '7271-1441-3W', NULL, 'RB Frame', NULL, 'BLACK,PPTD10,T-Project,PASI', '1', '1', '9', '1', '1', '590.6000', 8, 0, '1', 0, '0.00', '0.00'),
(266, '7271-1596-3W', NULL, 'RB Frame', NULL, 'BLACK,PPTD10,T-Project,PASI', '1', '1', '9', '1', '1', '599.4000', 6, 0, '1', 0, '0.00', '0.00'),
(267, '7271-1597-3W', NULL, 'RB Frame', NULL, 'BLACK,PPTD10,T-Project,PASI', '1', '1', '9', '1', '1', '611.4000', 6, 0, '1', 0, '0.00', '0.00'),
(268, '7271-1884-3W', NULL, 'RB Frame', NULL, 'BLACK,PPTD10,570B,PASI', '1', '1', '11', '1', '1', '276.2000', 10, 0, '1', 0, '0.00', '0.00'),
(269, '7271-1888-3W', NULL, 'RB Frame', NULL, 'BLACK,PPTD10,570B,PASI', '1', '1', '11', '1', '1', '285.8000', 10, 0, '1', 0, '0.00', '0.00'),
(270, '7271-2146-3W', NULL, 'RB FRAME', NULL, 'BLACK,PPTD10,670B,PASI', '1', '1', '4', '1', '1', '475.0000', 4, 0, '1', 0, '0.00', '0.00'),
(271, '7271-2185-3W', NULL, 'R/B Frame', NULL, 'BLACK,PPTD10,670B,PASI', '1', '1', '4', '1', '1', '610.0000', 4, 0, '1', 0, '0.00', '0.00'),
(272, '7271-2304-3W', NULL, 'R/B Frame', NULL, 'BLACK,PPTD10,670B,PASI', '1', '1', '4', '1', '1', '610.0000', 4, 0, '1', 0, '0.00', '0.00'),
(273, '7271-6331-3W', NULL, 'Protector', NULL, 'BLACK,PPBF970A1-5,400B,PASI', '1', '1', '3', '1', '1', '8.9000', 900, 0, '1', 0, '0.00', '0.00'),
(274, '7271-6481-3W', NULL, 'Protector', NULL, 'BLACK,PPBF970A1-5,670B,PASI', '1', '1', '4', '1', '1', '46.0000', 64, 0, '1', 0, '0.00', '0.00'),
(275, '7271-7090-3W', NULL, 'RB Cover', NULL, 'BLACK,PPTD10,T-PROJECT,PASI', '1', '1', '9', '1', '1', '160.8000', 12, 0, '1', 0, '0.00', '0.00'),
(276, '7271-7231-3W', NULL, 'Connector Holder', NULL, 'BLACK,PPTC426BT,MS2,PASI', '1', '1', '6', '1', '1', '295.0000', 8, 0, '1', 0, '0.00', '0.00'),
(277, '7271-7257-3W', NULL, 'RB COVER', NULL, 'BLACK,PPTD10,670B,PASI', '1', '1', '4', '1', '1', '173.0000', 8, 0, '1', 0, '0.00', '0.00'),
(278, '7271-7278-3W', NULL, 'R/B Cover', NULL, 'BLACK,PPTD10,670B,PASI', '1', '1', '4', '1', '1', '173.0000', 8, 0, '1', 0, '0.00', '0.00'),
(279, '7271-8354-3W', NULL, 'RB COVER', NULL, 'BLACK,PPTD10,670B,PASI', '1', '1', '4', '1', '1', '148.7000', 12, 0, '1', 0, '0.00', '0.00'),
(280, '7273-2679-0W', NULL, 'Protector', NULL, 'NATURAL,PP57MNK10,T-Project,PASI', '1', '1', '9', '1', '1', '29.0000', 200, 0, '1', 0, '0.00', '0.00'),
(281, '7273-2800-3W', NULL, 'Protector', NULL, 'BLACK,PPBJ500-1,T-Project,PASI', '1', '1', '9', '1', '1', '42.9000', 40, 0, '1', 0, '0.00', '0.00'),
(282, '7273-2801-3W', NULL, 'Protector', NULL, 'BLACK,PPBJ500-1,T-Project,PASI', '1', '1', '9', '1', '1', '43.5000', 40, 0, '1', 0, '0.00', '0.00'),
(283, '7273-3015-3W', NULL, 'Protector', NULL, 'BLACK,PPBJ500-1,T-Project,PASI', '1', '1', '9', '1', '1', '56.2000', 40, 0, '1', 0, '0.00', '0.00'),
(284, '7273-3017-3W', NULL, 'Protector', NULL, 'BLACK,PPBJ500-1,T-Project,PASI', '1', '1', '9', '1', '1', '60.8000', 40, 0, '1', 0, '0.00', '0.00'),
(285, '7273-3067-30', NULL, 'Protector', NULL, 'BLACK,PPBJ500-1,T-Project,PASI', '1', '1', '9', '1', '1', '54.3000', 24, 0, '1', 0, '0.00', '0.00'),
(286, '7273-3068-30', NULL, 'Protector', NULL, 'BLACK,PPBJ500-1,T-Project,PASI', '1', '1', '9', '1', '1', '50.7000', 24, 0, '1', 0, '0.00', '0.00'),
(287, '7273-4796-3W', NULL, 'Protector', NULL, 'BLACK,PP BJ550,XC2B,PASI', '1', '1', '5', '1', '1', '74.9000', 36, 0, '1', 0, '0.00', '0.00'),
(288, '7273-4798-3W', NULL, 'Protector', NULL, 'BLACK,PP BJ550,XC2B,PASI', '1', '1', '5', '1', '1', '74.9000', 36, 0, '1', 0, '0.00', '0.00'),
(289, '7276-0191-3W', NULL, 'Protector', NULL, 'BLACK,PPBF970A1-8,150B,PASI', '1', '1', '1', '1', '1', '59.2000', 45, 0, '1', 0, '0.00', '0.00'),
(290, '7276-0207-3W', NULL, 'Protector', NULL, '\"BLACK,PPBF970A1-8,150B,PASI	\"', '1', '1', '1', '1', '2', '19.8000', 306, 0, '1', 0, '0.00', '0.00'),
(291, '7276-0236-5W', NULL, 'Protector', NULL, 'ORANGE,PP8726RT TH,T-PROJECT,PASI', '1', '1', '9', '1', '1', '28.4000', 140, 0, '1', 0, '0.00', '0.00'),
(292, '7276-0242-5W', NULL, 'Protector', NULL, 'ORANGE,PP8726RT TH,T-Project,PASI', '1', '1', '9', '1', '1', '31.8000', 120, 0, '1', 0, '0.00', '0.00'),
(293, '7276-0451-3W', NULL, 'Protector', NULL, 'BLACK,PA66A3W,T-Project,PASI', '1', '1', '9', '1', '1', '92.8000', 40, 0, '1', 0, '0.00', '0.00'),
(294, '7276-0615-3W', NULL, 'Protector', NULL, 'BLACK,PPBF970A1-8,150B,PASI', '1', '1', '1', '1', '1', '104.1000', 16, 0, '1', 0, '0.00', '0.00'),
(295, '7276-0616-3W', NULL, 'Protector', NULL, 'BLACK,PPBF970A1-8,150B,PASI', '1', '1', '1', '1', '1', '78.1000', 32, 0, '1', 0, '0.00', '0.00'),
(296, '7276-0617-3W', NULL, 'Protector', NULL, '\"BLACK,PPBF970AI-5,150B,PASI										\"', '1', '1', '1', '1', '2', '47.4000', 70, 0, '1', 0, '0.00', '0.00'),
(297, '7276-0618-3W', NULL, 'Protector', NULL, 'BLACK,PPBF970A1-8,150B,PASI', '1', '1', '1', '1', '1', '64.4000', 36, 0, '1', 0, '0.00', '0.00'),
(298, '7276-0619-3W', NULL, 'Protector', NULL, 'NATURAL,PPC6162t,T-Project,PASI', '1', '1', '9', '1', '1', '99.8000', 28, 0, '1', 0, '0.00', '0.00'),
(299, '7276-0620-3W', NULL, 'Protector', NULL, 'BLACK,PPBF970A1-8,150B,PASI', '1', '1', '1', '1', '1', '57.0000', 48, 0, '1', 0, '0.00', '0.00'),
(300, '7276-1715-3W', NULL, 'Protector', NULL, 'BLACK,PA66 A0230,T-PROJECT,PASI', '1', '1', '9', '1', '1', '98.2000', 30, 0, '1', 0, '0.00', '0.00'),
(301, '7276-1721-3W', NULL, 'Protector', NULL, 'BLACK,PA66 A0230,T-Project,PASI', '1', '1', '9', '1', '1', '59.2000', 70, 0, '1', 0, '0.00', '0.00'),
(302, '7276-2032-5W', NULL, 'Protector', NULL, 'ORANGE,PA66+TPE(TR161)-2,T-PROJECT,PASI', '1', '1', '9', '1', '1', '112.0000', 50, 0, '1', 0, '0.00', '0.00'),
(303, '7276-2033-5W', NULL, 'Protector', NULL, 'ORANGE,PA66+TPE(TR161)-2,T-Project,PASI', '1', '1', '9', '1', '1', '87.9000', 64, 0, '1', 0, '0.00', '0.00'),
(304, '7276-2271-3W', NULL, 'Protector', NULL, 'BLACK,PPBF970A1-8,150B,PASI', '1', '1', '1', '1', '1', '58.4000', 26, 0, '1', 0, '0.00', '0.00'),
(305, '7276-2273-3W', NULL, 'Protector', NULL, 'BLACK,PA66A3W,150B,PASI', '1', '1', '1', '1', '1', '55.9000', 80, 0, '1', 0, '0.00', '0.00'),
(306, '7276-2447-3W', NULL, 'Protector', NULL, 'BLACK,PPBF970A1-8,150B,PASI', '1', '1', '1', '1', '1', '60.1000', 48, 0, '1', 0, '0.00', '0.00'),
(307, '7276-2449-3W', NULL, 'Protector', NULL, 'BLACK,PPBF970A1-8,150B,PASI', '1', '1', '1', '1', '1', '58.5000', 72, 0, '1', 0, '0.00', '0.00'),
(308, '7276-2451-3W', NULL, 'Protector', NULL, 'BLACK,PA66A3W,150B,PASI', '1', '1', '1', '1', '1', '103.8000', 24, 0, '1', 0, '0.00', '0.00'),
(309, '7276-2453-3W-A', NULL, 'Protector', NULL, 'BLACK,PA66A3W,150B,PASI', '1', '1', '1', '1', '1', '171.2000', 20, 0, '1', 0, '0.00', '0.00'),
(310, '7276-2468-3W', NULL, 'Protector', NULL, 'BLACK,PPBF970A1-8,150B,PASI', '1', '1', '1', '1', '1', '69.2000', 30, 0, '1', 0, '0.00', '0.00'),
(311, '7276-2471-3W', NULL, 'Protector', NULL, 'BLACK,PPC616WT,150B,PASI', '1', '1', '1', '1', '1', '24.2000', 210, 0, '1', 0, '0.00', '0.00'),
(312, '7276-2475-3W', NULL, 'Protector', NULL, 'BLACK,PPBF970A1-8,150B,PASI', '1', '1', '1', '1', '1', '99.7000', 16, 0, '1', 0, '0.00', '0.00'),
(313, '7276-2480-3W', NULL, 'Protector', NULL, 'BLACK,PPBF970A1-8,150B,PASI', '1', '1', '1', '1', '1', '87.8000', 16, 0, '1', 0, '0.00', '0.00'),
(314, '7276-2482-3W', NULL, 'Protector', NULL, 'BLACK,PA66A3W,150B,PASI', '1', '1', '1', '1', '1', '144.0000', 16, 0, '1', 0, '0.00', '0.00'),
(315, '7276-2484-3W', NULL, 'Protector', NULL, 'BLACK,PA66A3W,150B,PASI', '1', '1', '1', '1', '1', '131.9000', 22, 0, '1', 0, '0.00', '0.00'),
(316, '7276-2485-3W', NULL, 'Protector', NULL, 'BLACK,PA66A3W,150B,PASI', '1', '1', '1', '1', '1', '63.8000', 42, 0, '1', 0, '0.00', '0.00'),
(317, '7276-3732-3W', NULL, 'Protector', NULL, 'BLACK,PPBF970A1-8,150B,PASI', '1', '1', '1', '1', '1', '25.8000', 218, 0, '1', 0, '0.00', '0.00'),
(318, '7276-5262-3W', NULL, 'Protector\"', NULL, 'BLACK,PPBF970A1-2,3M0,PASI', '1', '1', '10', '1', '1', '67.3000', 40, 0, '1', 0, '0.00', '0.00'),
(319, '7276-5457-3W', NULL, 'Protector', NULL, 'BLACK,PPBF970A1-5,670B,PASI', '1', '1', '4', '1', '1', '80.3000', 42, 0, '1', 0, '0.00', '0.00'),
(320, '7276-5461-3W', NULL, 'Protector', NULL, 'BLACK,PPBF970A1-5,670B,PASI', '1', '1', '4', '1', '1', '73.0000', 20, 0, '1', 0, '0.00', '0.00'),
(321, '7276-5463-3W', NULL, 'Protector', NULL, 'BLACK,PPBF970A1-5,670B,PASI', '1', '1', '4', '1', '1', '75.8000', 36, 0, '1', 0, '0.00', '0.00'),
(322, '7276-5465-3W', NULL, 'Protector', NULL, 'BLACK,PPBF970A1-5,670B,PASI', '1', '1', '4', '1', '1', '48.3000', 12, 0, '1', 0, '0.00', '0.00'),
(323, '7276-5467-3W', NULL, 'Protector', NULL, 'BLACK,PPBF970A1-5,670B,PASI', '1', '1', '4', '1', '1', '53.8000', 74, 0, '1', 0, '0.00', '0.00'),
(324, '7276-5592-0W', NULL, 'Protector', NULL, 'NATURAL,PPBF970A1,670B,PASI', '1', '1', '4', '1', '1', '43.2000', 140, 0, '1', 0, '0.00', '0.00'),
(325, '7276-5593-0W', NULL, 'Protector', NULL, 'NATURAL,PPBF970A1,670B,PASI', '1', '1', '4', '1', '1', '44.5000', 140, 0, '1', 0, '0.00', '0.00'),
(326, '7276-5596-99', NULL, 'Clamp Outer', NULL, 'BLACK,PPBF970A1-9,670B,PASI', '1', '1', '4', '1', '1', '68.8000', 72, 0, '1', 0, '0.00', '0.00'),
(327, '7276-5597-99', NULL, 'Clamp Outer', NULL, 'BLACK,PPBF970A1-9,670B,PASI', '1', '1', '4', '1', '1', '68.8000', 72, 0, '1', 0, '0.00', '0.00'),
(328, '7284-6030-3W', NULL, 'Protector', NULL, 'BLACK,PA66FR250,T-Project,PASI', '1', '1', '9', '1', '1', '60.0000', 50, 0, '1', 0, '0.00', '0.00'),
(329, '7284-6032-3W', NULL, 'Protector', NULL, 'BLACK,PA66FR250,T-Project,PASI', '1', '1', '9', '1', '1', '32.2000', 200, 0, '1', 0, '0.00', '0.00'),
(330, '7284-9442-3W', NULL, 'Protector', NULL, 'BLACK,PA66A3W,T-PROJECT,PASI', '1', '1', '9', '1', '1', '85.8000', 50, 0, '1', 0, '0.00', '0.00'),
(331, '7284-9444-3W', NULL, 'Protector', NULL, 'BLACK,PA66A3W,T-PROJECT,PASI', '1', '1', '9', '1', '1', '85.5000', 50, 0, '1', 0, '0.00', '0.00'),
(332, '7284-9830-3W', NULL, 'Protector', NULL, 'BLACK,PA66A3W,T-Project,PASI', '1', '1', '9', '1', '1', '61.3000', 40, 0, '1', 0, '0.00', '0.00'),
(333, '7284-9834-3W', NULL, 'Protector', NULL, 'BLACK,PPC606W,T-Project,PASI', '1', '1', '9', '1', '1', '60.0000', 45, 0, '1', 0, '0.00', '0.00'),
(334, '7284-9835-3W', NULL, 'Protector', NULL, 'BLACK,PPC606W,T-PROJECT,PASI', '1', '1', '9', '1', '1', '27.4000', 90, 0, '1', 0, '0.00', '0.00'),
(335, '7284-9836-3W', NULL, 'Protector', NULL, 'BLACK,PA66A3W,T-Project,PASI', '1', '1', '9', '1', '1', '81.8000', 50, 0, '1', 0, '0.00', '0.00'),
(336, '7284-9838-3W', NULL, 'Protector', NULL, 'BLACK,PA66A3W,T-Project,PASI', '1', '1', '9', '1', '1', '67.3000', 40, 0, '1', 0, '0.00', '0.00'),
(337, '7142-6294-51-C', NULL, 'Protector', NULL, 'ORANGE,PPBJ550-2,T-PROJECT,PASI', '1', '1', '9', '1', '1', '4.2000', 1600, 0, '2', 0, '0.00', '0.00'),
(338, '7152-5603-30-C', NULL, 'Connector Holder', NULL, 'BLACK,PPBF970AI-7,665B,PASI', '1', '1', '12', '1', '1', '15.2000', 480, 0, '2', 0, '0.00', '0.00'),
(339, '7154-0826-30-C', NULL, 'RB Base', NULL, 'BLACK,PA66 A0210,T-Project,PASI', '1', '1', '9', '1', '1', '32.5000', 150, 0, '2', 0, '0.00', '0.00'),
(340, '7154-7540-30-C', NULL, 'RB FRAME', NULL, 'BLACK,PPTC426BT,T-Project,PASI', '1', '1', '9', '1', '1', '80.5000', 48, 0, '2', 0, '0.00', '0.00'),
(341, '7154-7542-30-C', NULL, 'RB Cover', NULL, 'BLACK,PPTC426BT,T-Project,PASI', '1', '1', '9', '1', '1', '77.3000', 30, 0, '2', 0, '0.00', '0.00'),
(342, '7154-7618-30-C', NULL, 'RB Cover', NULL, 'BLACK,PPTC426BT,T-Project,PASI', '1', '1', '9', '1', '1', '82.9000', 30, 0, '2', 0, '0.00', '0.00'),
(343, '7154-7873-30-C', NULL, 'R/B Cover', NULL, 'BLACK,57MNK10-1,T-Project,PASI', '1', '1', '9', '1', '1', '9.3500', 800, 0, '2', 0, '0.00', '0.00'),
(344, '7154-7874-30-C', NULL, 'R/B Cover', NULL, 'BLACK,57MNK10-1,T-Project,PASI', '1', '1', '9', '1', '1', '3.7000', 800, 0, '2', 0, '0.00', '0.00');
INSERT INTO `material` (`id`, `kode`, `kode_rm`, `nama`, `cust_nama`, `spesifikasi`, `tipe_material`, `satuan`, `project`, `status`, `customer`, `berat`, `qty`, `qtyBag`, `other`, `virgin`, `mb`, `regrind`) VALUES
(345, '7154-7940-30-C', NULL, 'R/B Cover', NULL, 'BLACK,PP57MNK10-1,T-Project,PASI', '1', '1', '9', '1', '1', '14.3000', 600, 0, '2', 0, '0.00', '0.00'),
(346, '7171-1463-30-C', NULL, 'RB Frame', NULL, 'BLACK,PP C426BT,T-Project,PASI', '1', '1', '9', '1', '1', '230.9000', 10, 0, '2', 0, '0.00', '0.00'),
(347, '7171-5408-30-C', NULL, 'RB Cover', NULL, 'BLACK,PP C426BT,T-Project,PASI', '1', '1', '9', '1', '1', '131.3000', 18, 0, '2', 0, '0.00', '0.00'),
(348, '7171-6047-C', NULL, 'RB Frame', NULL, 'NATURAL,PP57MNK10,T-Project,PASI', '1', '1', '9', '1', '1', '125.0000', 40, 0, '2', 0, '0.00', '0.00'),
(349, '7171-6048-C', NULL, 'RB Frame', NULL, 'NATURAL,PP57MNK10,T-Project,PASI', '1', '1', '9', '1', '1', '124.3000', 40, 0, '2', 0, '0.00', '0.00'),
(350, '7171-6330-30-C', NULL, 'Protector', NULL, 'BLACK,PPBF970A1-8,400B,PASI', '1', '1', '3', '1', '1', '15.8000', 500, 0, '2', 0, '0.00', '0.00'),
(351, '7171-6334-30-C', NULL, 'Protector', NULL, 'BLACK,PBT-1100-204B,400B,PASI', '1', '1', '3', '1', '1', '4.2000', 2000, 0, '2', 0, '0.00', '0.00'),
(352, '7171-6335-30-C', NULL, 'Protector', NULL, 'BLACK,PBT-1100-204B,400B,PASI', '1', '1', '3', '1', '1', '3.9000', 2000, 0, '2', 0, '0.00', '0.00'),
(353, '7171-6395-30-C', NULL, 'Protector', NULL, 'BLACK,PA66+TPE(TR161),775B,PASI', '1', '1', '7', '1', '1', '50.4000', 128, 0, '2', 0, '0.00', '0.00'),
(354, '7171-6396-30-C', NULL, 'Protector', NULL, 'BLACK,PA66+TPE(TR161),775B,PASI', '1', '1', '7', '1', '1', '13.8000', 300, 0, '2', 0, '0.00', '0.00'),
(355, '7171-7072-30-C', NULL, 'Protector	', NULL, 'BLACK,PPJ715M-1,T-Project,PASI', '1', '1', '9', '1', '1', '6.1000', 600, 0, '2', 0, '0.00', '0.00'),
(356, '7173-2669-C', NULL, 'Protector', NULL, 'NATURAL,PPBJ500,T-Project,PASI', '1', '1', '9', '1', '1', '5.7000', 1000, 0, '2', 0, '0.00', '0.00'),
(357, '7173-2680-C', NULL, 'Protector', NULL, 'NATURAL,PP57MNK10,T-Project,PASI', '1', '1', '9', '1', '1', '24.7000', 120, 0, '2', 0, '0.00', '0.00'),
(358, '7173-2786-C', NULL, 'Protector', NULL, 'NATURAL,PP57MNK10-T-PROJECT,PASI', '1', '1', '9', '1', '1', '10.6500', 600, 0, '2', 0, '0.00', '0.00'),
(359, '7173-3016-30-C', NULL, 'Protector', NULL, 'BLACK,PPBJ500-1,T-Project,PASI', '1', '1', '9', '1', '1', '21.0000', 80, 0, '2', 0, '0.00', '0.00'),
(360, '7173-3018-30-C', NULL, 'Protector', NULL, 'BLACK,PPBJ500-1,T-Project,PASI', '1', '1', '9', '1', '1', '21.6000', 80, 0, '2', 0, '0.00', '0.00'),
(361, '7176-0044-30-C', NULL, 'Protector', NULL, 'BLACK,PA66A3W,T-Project,PASI', '1', '1', '9', '1', '1', '23.4000', 240, 0, '2', 0, '0.00', '0.00'),
(362, '7176-0045-30-C', NULL, 'Protector', NULL, 'BLACK,PA66A3W,T-Project,PASI', '1', '1', '9', '1', '1', '7.5000', 800, 0, '2', 0, '0.00', '0.00'),
(363, '7176-0190-30-C', NULL, 'Protector', NULL, 'BLACK,PPBF970A1-8,150B,PASI', '1', '1', '1', '1', '1', '44.6000', 65, 0, '2', 0, '0.00', '0.00'),
(364, '7176-0192-30-C', NULL, 'Protector', NULL, 'BLACK,PPBF970A1-8,150B,PASI', '1', '1', '1', '1', '1', '24.9000', 250, 0, '2', 0, '0.00', '0.00'),
(365, '7176-0194-30-C', NULL, 'Protector', NULL, 'BLACK,PPBF970A1-8,150B,PASI', '1', '1', '1', '1', '1', '40.8000', 73, 0, '2', 0, '0.00', '0.00'),
(366, '7176-0196-30-C', NULL, 'Protector	', NULL, 'BLACK,PPBF970A1-8,150B,PASI', '1', '1', '1', '1', '1', '18.3000', 260, 0, '2', 0, '0.00', '0.00'),
(367, '7176-0198-30-C', NULL, 'Protector	', NULL, 'BLACK,PPBF970A1-8,150B,PASI', '1', '1', '1', '1', '1', '24.0000', 220, 0, '2', 0, '0.00', '0.00'),
(368, '7176-0200-30-C', NULL, 'Protector', NULL, 'BLACK,PPC616WT,T-Project,PASI', '1', '1', '9', '1', '1', '47.7000', 80, 0, '2', 0, '0.00', '0.00'),
(369, '7176-0202-30-C', NULL, 'Protector', NULL, 'BLACK,PPBF970A1-8,150B,PASI', '1', '1', '1', '1', '1', '24.8000', 224, 0, '2', 0, '0.00', '0.00'),
(370, '7176-0205-30-C', NULL, 'Protector', NULL, 'BLACK,PPBF970AI-8,150B,PASI', '1', '1', '1', '1', '1', '45.4000', 40, 0, '2', 0, '0.00', '0.00'),
(371, '7176-0206-30-C', NULL, 'Protector', NULL, 'BLACK,PPBF970A1-8,150B,PASI', '1', '1', '1', '1', '1', '16.1500', 400, 0, '2', 0, '0.00', '0.00'),
(372, '7176-0208-30-C', NULL, 'Protector', NULL, 'BLACK,PPBF970A1-8,150B,PASI', '1', '1', '1', '1', '1', '10.8000', 450, 0, '2', 0, '0.00', '0.00'),
(373, '7176-0452-30-C', NULL, 'Protector', NULL, 'BLACK,PA66A3W,T-Project,PASI', '1', '1', '9', '1', '1', '21.5000', 160, 0, '2', 0, '0.00', '0.00'),
(374, '7176-0920-50-C', NULL, 'Protector', NULL, 'ORANGE,PA66+TPE(TR161)-2,T-PROJECT,PASI', '1', '1', '9', '1', '1', '48.6000', 144, 0, '2', 0, '0.00', '0.00'),
(375, '7176-0922-50-C', NULL, 'Protector', NULL, 'ORANGE,PA66+TPE(TR161)-2,T-Project,PASI', '1', '1', '9', '1', '1', '17.6000', 200, 0, '2', 0, '0.00', '0.00'),
(376, '7176-1180-C', NULL, 'Protector', NULL, 'NATURAL,PPBJ500,T-Project,PASI', '1', '1', '9', '1', '1', '22.8000', 200, 0, '2', 0, '0.00', '0.00'),
(377, '7176-1716-30-C', NULL, 'Protector', NULL, 'BLACK,PA66 A0230,T-Project,PASI', '1', '1', '9', '1', '1', '19.2000', 400, 0, '2', 0, '0.00', '0.00'),
(378, '7176-1722-30-C', NULL, 'Protector', NULL, 'BLACK,PA66 A0230,T-Project,PASI', '1', '1', '9', '1', '1', '31.1000', 200, 0, '2', 0, '0.00', '0.00'),
(379, '7176-2272-30-C', NULL, 'Protector', NULL, 'BLACK,PPBF970A1-8,150B,PASI', '1', '1', '1', '1', '1', '24.3500', 120, 0, '2', 0, '0.00', '0.00'),
(380, '7176-2274-30-C', NULL, 'Protector', NULL, 'BLACK,PA66A3W,150B,PASI', '1', '1', '1', '1', '1', '23.7000', 174, 0, '2', 0, '0.00', '0.00'),
(381, '7176-2275-30-C', NULL, 'Protector', NULL, 'BLACK,PPBF970AI-5,150B,PASI', '1', '1', '1', '1', '1', '15.6000', 390, 0, '2', 0, '0.00', '0.00'),
(382, '7176-2448-30-C', NULL, 'Protector', NULL, 'BLACK,PPBF970A1-8,150B,PASI', '1', '1', '1', '1', '1', '20.4000', 196, 0, '2', 0, '0.00', '0.00'),
(383, '7176-2450-30-C', NULL, 'Protector', NULL, 'BLACK,PPBF970A1-8,150B,PASI', '1', '1', '1', '1', '1', '14.4000', 300, 0, '2', 0, '0.00', '0.00'),
(384, '7176-2452-30-C', NULL, 'Protector', NULL, 'BLACK,PA66A3W,150B,PASI', '1', '1', '1', '1', '1', '32.7500', 175, 0, '2', 0, '0.00', '0.00'),
(385, '7176-2454-30-A-C', NULL, 'Protector', NULL, 'BLACK,PA66A3W,150B,PASI', '1', '1', '1', '1', '1', '63.1000', 80, 0, '2', 0, '0.00', '0.00'),
(386, '7176-2469-30-C', NULL, 'Protector', NULL, 'BLACK,PPBF970A1-8,150B,PASI', '1', '1', '1', '1', '1', '35.7000', 110, 0, '2', 0, '0.00', '0.00'),
(387, '7176-2470-30-C', NULL, 'Protector', NULL, 'BLACK,PPBF970A1-8,150B,PASI', '1', '1', '1', '1', '1', '6.1000', 1200, 0, '2', 0, '0.00', '0.00'),
(388, '7176-2472-30-C', NULL, 'Protector	', NULL, 'BLACK,PPBF970A1-8,150B,PASI', '1', '1', '1', '1', '1', '8.9000', 600, 0, '2', 0, '0.00', '0.00'),
(389, '7176-2476-30-C', NULL, 'Protector	', NULL, 'BLACK,PPBF970A1-8,150B,PASI', '1', '1', '1', '1', '1', '48.7000', 100, 0, '2', 0, '0.00', '0.00'),
(390, '7176-2479-30-C', NULL, 'Protector', NULL, 'BLACK,PPBF970A1-8,150B,PASI', '1', '1', '1', '1', '1', '8.4000', 800, 0, '2', 0, '0.00', '0.00'),
(391, '7176-2481-30-C', NULL, 'Protector', NULL, 'BLACK,PPBF970A1-8,150B,PASI', '1', '1', '1', '1', '1', '49.3000', 48, 0, '2', 0, '0.00', '0.00'),
(392, '7176-2483-30-C', NULL, 'Protector', NULL, 'BLACK,PA66A3W,150B,PASI', '1', '1', '1', '1', '1', '59.8000', 160, 0, '2', 0, '0.00', '0.00'),
(393, '7176-2488-30-C', NULL, 'Protector', NULL, 'BLACK,PPBF970A1-8,150B,PASI', '1', '1', '1', '1', '1', '10.7500', 400, 0, '2', 0, '0.00', '0.00'),
(394, '7176-3540-30-C', NULL, 'Protector', NULL, 'BLACK,PPBF970A1-8,400B,PASI', '1', '1', '3', '1', '1', '9.2000', 840, 0, '2', 0, '0.00', '0.00'),
(395, '7176-4122-30-C', NULL, 'Protector', NULL, 'BLACK,PA66A3W,400B,PASI', '1', '1', '3', '1', '1', '27.7000', 280, 0, '2', 0, '0.00', '0.00'),
(396, '7176-4683-30-C', NULL, 'Protector', NULL, 'BLACK,PA66A3W,400B,PASI', '1', '1', '3', '1', '1', '12.5000', 960, 0, '2', 0, '0.00', '0.00'),
(397, '7176-4684-30-C', NULL, 'Protector', NULL, 'BLACK,PPBF970A1-8,400B,PASI', '1', '1', '3', '1', '1', '4.2000', 1500, 0, '2', 0, '0.00', '0.00'),
(398, '7176-4735-30-C', NULL, 'Protector', NULL, 'BLACK,PA66+TPE(TR161),775B,PASI', '1', '1', '7', '1', '1', '18.8000', 200, 0, '2', 0, '0.00', '0.00'),
(399, '7176-4736-30-C', NULL, 'Protector', NULL, 'BLACK,PA66+TPE(TR161),775B,PASI', '1', '1', '7', '1', '1', '8.4000', 450, 0, '2', 0, '0.00', '0.00'),
(400, '7176-5263-30-C', NULL, 'Protector	', NULL, 'BLACK,PPBF970A1-2,3M0,PASI', '1', '1', '10', '1', '1', '15.2000', 550, 0, '2', 0, '0.00', '0.00'),
(401, '7176-5264-30-C', NULL, 'Protector	', NULL, 'BLACK,PPBF970A1-2,3M0,PASI', '1', '1', '10', '1', '1', '20.8000', 352, 0, '2', 0, '0.00', '0.00'),
(402, '7176-5265-30-C', NULL, 'Protector	', NULL, 'BLACK,PPBF970A1-2,3M0,PASI', '1', '1', '10', '1', '1', '7.5000', 900, 0, '2', 0, '0.00', '0.00'),
(403, '7176-5558-30-C', NULL, 'Protector', NULL, 'BLACK,PPBF970A1-7,D26A,PASI', '1', '1', '13', '1', '1', '18.0000', 144, 0, '2', 0, '0.00', '0.00'),
(404, '7176-5559-30-C', NULL, 'Protector', NULL, 'BLACK,PPBF970A1-7,D26A,PASI', '1', '1', '13', '1', '1', '9.0000', 630, 0, '2', 0, '0.00', '0.00'),
(405, '7184-6031-30-C', NULL, 'Protector', NULL, 'BLACK,PPA66FR250,T-Project,PASI', '1', '1', '9', '1', '1', '28.8000', 200, 0, '2', 0, '0.00', '0.00'),
(406, '7184-6033-30-C', NULL, 'Protector', NULL, 'BLACK,PPA66FR250,T-Project,PASI', '1', '1', '9', '1', '1', '12.8000', 500, 0, '2', 0, '0.00', '0.00'),
(407, '7184-6366-30-C', NULL, 'Protector', NULL, 'BLACK,PPC606W,T-PROJECT,PASI', '1', '1', '9', '1', '1', '33.0000', 100, 0, '2', 0, '0.00', '0.00'),
(408, '7184-7952-30-C', NULL, 'Protector', NULL, 'BLACK,PPJ5715M-1,T-PROJECT,PASI', '1', '1', '9', '1', '1', '11.0000', 300, 0, '2', 0, '0.00', '0.00'),
(409, '7184-9427-C', NULL, 'Protector', NULL, 'NATURAL,PP57MNK10,T-Project,PASI', '1', '1', '9', '1', '1', '28.4000', 90, 0, '2', 0, '0.00', '0.00'),
(410, '7184-9428-C', NULL, 'Protector', NULL, 'NATURAL,PP57MNK10,T-Project,PASI', '1', '1', '9', '1', '1', '18.3000', 360, 0, '2', 0, '0.00', '0.00'),
(411, '7184-9430-C', NULL, 'Protector	', NULL, 'NATURAL,PP57MNK10,T-Project,PASI', '1', '1', '9', '1', '1', '27.3000', 60, 0, '2', 0, '0.00', '0.00'),
(412, '7184-9431-C', NULL, 'Protector', NULL, 'NATURAL,PP57MNK10,T-Project,PASI', '1', '1', '9', '1', '1', '17.9000', 240, 0, '2', 0, '0.00', '0.00'),
(413, '7184-9432-C', NULL, 'Protector', NULL, 'BLACK,PP57MNK10,T-Project,PASI', '1', '1', '9', '1', '1', '30.2000', 60, 0, '2', 0, '0.00', '0.00'),
(414, '7184-9433-C', NULL, 'Protector', NULL, 'BLACK,PP57MNK10,T-Project,PASI', '1', '1', '9', '1', '1', '20.7100', 240, 0, '2', 0, '0.00', '0.00'),
(415, '7184-9434-C', NULL, 'Protector', NULL, 'BLACK,PP57MNK10,T-Project,PASI', '1', '1', '9', '1', '1', '30.5000', 90, 0, '2', 0, '0.00', '0.00'),
(416, '7184-9435-C', NULL, 'Protector', NULL, 'BLACK,PP57MNK10,T-Project,PASI', '1', '1', '9', '1', '1', '18.3000', 360, 0, '2', 0, '0.00', '0.00'),
(417, '7184-9440-C', NULL, 'Protector', NULL, 'NATURAL,PP57MNK10,T-Project,PASI', '1', '1', '9', '1', '1', '22.6000', 150, 0, '2', 0, '0.00', '0.00'),
(418, '7184-9441-C', NULL, 'Protector', NULL, 'NATURAL,PP57MNK10,T-Project,PASI', '1', '1', '9', '1', '1', '23.5000', 150, 0, '2', 0, '0.00', '0.00'),
(419, '7184-9443-30-C', NULL, 'Protector', NULL, 'BLACK,PA66A3W,T-PROJECT,PASI', '1', '1', '9', '1', '1', '20.8000', 200, 0, '2', 0, '0.00', '0.00'),
(420, '7184-9461-30-C', NULL, 'Protector', NULL, 'BLACK,PA66A3W,T-Project,PASI', '1', '1', '9', '1', '1', '15.1000', 400, 0, '2', 0, '0.00', '0.00'),
(421, '7184-9462-30-C', NULL, 'Protector', NULL, 'BLACK,PA66A3W,T-Project,PASI', '1', '1', '9', '1', '1', '8.2000', 600, 0, '2', 0, '0.00', '0.00'),
(422, '7184-9473-30-C', NULL, 'Protector	', NULL, 'BLACK,PPA66A3W,T-Project,PASI', '1', '1', '9', '1', '1', '16.8000', 400, 0, '2', 0, '0.00', '0.00'),
(423, '7184-9474-30-C', NULL, 'Protector	', NULL, 'BLACK,PPA66A3W,T-Project,PASI', '1', '1', '9', '1', '1', '7.8000', 600, 0, '2', 0, '0.00', '0.00'),
(424, '7184-9603-C', NULL, 'Protector', NULL, 'NATURAL,PPBJ500,T-PROJECT,PASI', '1', '1', '9', '1', '1', '36.1000', 180, 0, '2', 0, '0.00', '0.00'),
(425, '7184-9691-C', NULL, 'Protector', NULL, 'NATURAL,PP57MNK10,T-PROJECT,PASI', '1', '1', '9', '1', '1', '88.4000', 45, 0, '2', 0, '0.00', '0.00'),
(426, '7185-0273-51-C', NULL, 'Protector', NULL, 'ORANGE,PPBJ550-3,T-PROJECT,PASI', '1', '1', '9', '1', '1', '3.4000', 1600, 0, '2', 0, '0.00', '0.00'),
(427, '7254-0955-30-C', NULL, 'RB Base', NULL, 'BLACK,PA66+PPE GTX951W,T-Project,PASI', '1', '1', '9', '1', '1', '33.0000', 120, 0, '2', 0, '0.00', '0.00'),
(428, '7254-7988-3W-C', NULL, 'RB Cover', NULL, 'BLACK,PPTD10,T-Project,PASI', '1', '1', '9', '1', '1', '83.5000', 32, 0, '2', 0, '0.00', '0.00'),
(429, '7271-1295-3W-C', NULL, 'RB Frame', NULL, 'BLACK,PPTD10,T-Project,PASI', '1', '1', '9', '1', '1', '208.2000', 18, 0, '2', 0, '0.00', '0.00'),
(430, '7271-1296-3W-C', NULL, 'RB Base', NULL, 'BLACK,PA66+PPE GTX951W,T-Project,PASI', '1', '1', '9', '1', '1', '59.5000', 116, 0, '2', 0, '0.00', '0.00'),
(431, '7271-1297-3W-C', NULL, 'RB FRAME', NULL, 'BLACK,PPTD10,T-Project,PASI', '1', '1', '9', '1', '1', '358.3000', 6, 0, '2', 0, '0.00', '0.00'),
(432, '7271-1413-3W-C', NULL, 'RB Frame', NULL, 'BLACK,PPTD10,T-Project,PASI', '1', '1', '9', '1', '1', '279.8000', 12, 0, '2', 0, '0.00', '0.00'),
(433, '7271-1414-3W-C', NULL, 'RB Frame', NULL, 'BLACK,PPTD10,T-Project,PASI', '1', '1', '9', '1', '1', '279.8000', 12, 0, '2', 0, '0.00', '0.00'),
(434, '7271-1441-3W-C', NULL, 'RB Frame', NULL, 'BLACK,PPTD10,T-Project,PASI', '1', '1', '9', '1', '1', '590.6000', 8, 0, '2', 0, '0.00', '0.00'),
(435, '7271-1596-3W-C', NULL, 'RB Frame', NULL, 'BLACK,PPTD10,T-Project,PASI', '1', '1', '9', '1', '1', '599.4000', 6, 0, '2', 0, '0.00', '0.00'),
(436, '7271-1597-3W-C', NULL, 'RB Frame', NULL, 'BLACK,PPTD10,T-Project,PASI', '1', '1', '9', '1', '1', '611.4000', 6, 0, '2', 0, '0.00', '0.00'),
(437, '7271-6331-3W-C', NULL, 'Protector', NULL, 'BLACK,PPBF970A1-5,400B,PASI', '1', '1', '3', '1', '1', '8.9000', 900, 0, '2', 0, '0.00', '0.00'),
(438, '7271-7090-3W-C', NULL, 'RB Cover', NULL, 'BLACK,PPTD10,T-PROJECT,PASI', '1', '1', '9', '1', '1', '160.8000', 12, 0, '2', 0, '0.00', '0.00'),
(439, '7273-2679-0W-C', NULL, 'Protector', NULL, 'NATURAL,PP57MNK10,T-Project,PASI', '1', '1', '9', '1', '1', '29.0000', 200, 0, '2', 0, '0.00', '0.00'),
(440, '7273-2800-3W-C', NULL, 'Protector', NULL, 'BLACK,PPBJ500-1,T-Project,PASI', '1', '1', '9', '1', '1', '42.9000', 40, 0, '2', 0, '0.00', '0.00'),
(441, '7273-2801-3W-C', NULL, 'Protector', NULL, 'BLACK,PPBJ500-1,T-Project,PASI', '1', '1', '9', '1', '1', '43.5000', 40, 0, '2', 0, '0.00', '0.00'),
(442, '7273-3015-3W-C', NULL, 'Protector', NULL, 'BLACK,PPBJ500-1,T-Project,PASI', '1', '1', '9', '1', '1', '56.2000', 40, 0, '2', 0, '0.00', '0.00'),
(443, '7273-3017-3W-C', NULL, 'Protector', NULL, 'BLACK,PPBJ500-1,T-Project,PASI', '1', '1', '9', '1', '1', '28.5000', 40, 0, '2', 0, '0.00', '0.00'),
(444, '7273-3067-30-C', NULL, 'Protector', NULL, 'BLACK,PPBJ500-1,T-Project,PASI', '1', '1', '9', '1', '1', '54.3000', 24, 0, '2', 0, '0.00', '0.00'),
(445, '7273-3068-30-C', NULL, 'Protector', NULL, 'BLACK,PPBJ500-1,T-Project,PASI', '1', '1', '9', '1', '1', '50.7000', 24, 0, '2', 0, '0.00', '0.00'),
(446, '7276-0191-3W-C', NULL, 'Protector', NULL, 'BLACK,PPBF970A1-8,150B,PASI', '1', '1', '1', '1', '1', '59.2000', 35, 0, '2', 0, '0.00', '0.00'),
(447, '7276-0207-3W-C', NULL, 'Protector', NULL, 'BLACK,PPBF970A1-8,150B,PASI', '1', '1', '1', '1', '1', '19.8000', 255, 0, '2', 0, '0.00', '0.00'),
(448, '7276-0242-5W-C', NULL, 'Protector', NULL, 'ORANGE,PP8726RT TH,T-Project,PASI', '1', '1', '9', '1', '1', '31.8000', 120, 0, '2', 0, '0.00', '0.00'),
(449, '7276-0451-3W-C', NULL, 'Protector', NULL, 'BLACK,PA66A3W,T-Project,PASI', '1', '1', '9', '1', '1', '92.8000', 40, 0, '2', 0, '0.00', '0.00'),
(450, '7276-0615-3W-C', NULL, 'Protector', NULL, 'BLACK,PPBF970A1-8,150B,PASI', '1', '1', '1', '1', '1', '104.1000', 16, 0, '2', 0, '0.00', '0.00'),
(451, '7276-0616-3W-C', NULL, 'Protector', NULL, 'BLACK,PPBF970A1-8,150B,PASI', '1', '1', '1', '1', '1', '78.1000', 20, 0, '2', 0, '0.00', '0.00'),
(452, '7276-0617-3W-C', NULL, 'Protector', NULL, 'BLACK,PPBF970AI-5,150B,PASI', '1', '1', '1', '1', '1', '47.4000', 60, 0, '2', 0, '0.00', '0.00'),
(453, '7276-0618-3W-C', NULL, 'Protector', NULL, 'BLACK,PPBF970A1-8,150B,PASI', '1', '1', '1', '1', '1', '64.4000', 30, 0, '2', 0, '0.00', '0.00'),
(454, '7276-0619-3W-C', NULL, 'Protector', NULL, 'NATURAL,PPC6162t,T-Project,PASI', '1', '1', '9', '1', '1', '99.8000', 28, 0, '2', 0, '0.00', '0.00'),
(455, '7276-0620-3W-C', NULL, 'Protector', NULL, 'BLACK,PPBF970A1-8,150B,PASI', '1', '1', '1', '1', '1', '57.0000', 48, 0, '2', 0, '0.00', '0.00'),
(456, '7276-1715-3W-C', NULL, 'Protector', NULL, 'BLACK,PA66 A0230,T-PROJECT,PASI', '1', '1', '9', '1', '1', '98.2000', 30, 0, '2', 0, '0.00', '0.00'),
(457, '7276-1721-3W-C', NULL, 'Protector', NULL, 'BLACK,PA66 A0230,T-Project,PASI', '1', '1', '9', '1', '1', '59.2000', 70, 0, '2', 0, '0.00', '0.00'),
(458, '7276-2032-5W-C', NULL, 'Protector', NULL, 'ORANGE,PA66+TPE(TR161)-2,T-PROJECT,PASI', '1', '1', '9', '1', '1', '112.0000', 50, 0, '2', 0, '0.00', '0.00'),
(459, '7276-2033-5W-C', NULL, 'Protector', NULL, 'ORANGE,PA66+TPE(TR161)-2,T-Project,PASI', '1', '1', '9', '1', '1', '87.9000', 60, 0, '2', 0, '0.00', '0.00'),
(460, '7276-2271-3W-C', NULL, 'Protector', NULL, 'BLACK,PPBF970A1-8,150B,PASI', '1', '1', '1', '1', '1', '60.9000', 24, 0, '2', 0, '0.00', '0.00'),
(461, '7276-2273-3W-C', NULL, 'Protector', NULL, 'BLACK,PA66A3W,150B,PASI', '1', '1', '1', '1', '1', '55.9000', 80, 0, '2', 0, '0.00', '0.00'),
(462, '7276-2447-3W-C', NULL, 'Protector', NULL, 'BLACK,PPBF970A1-8,150B,PASI', '1', '1', '1', '1', '1', '60.1000', 48, 0, '2', 0, '0.00', '0.00'),
(463, '7276-2449-3W-C', NULL, 'Protector', NULL, 'BLACK,PPBF970A1-8,150B,PASI', '1', '1', '1', '1', '1', '58.5000', 55, 0, '2', 0, '0.00', '0.00'),
(464, '7276-2451-3W-C', NULL, 'Protector', NULL, 'BLACK,PA66A3W,150B,PASI', '1', '1', '1', '1', '1', '103.8000', 20, 0, '2', 0, '0.00', '0.00'),
(465, '7276-2453-3W-A-C', NULL, 'Protector', NULL, 'BLACK,PA66A3W,150B,PASI', '1', '1', '1', '1', '1', '171.2000', 12, 0, '2', 0, '0.00', '0.00'),
(466, '7276-2468-3W-C', NULL, 'Protector', NULL, 'BLACK,PPBF970A1-8,150B,PASI', '1', '1', '1', '1', '1', '69.2000', 18, 0, '2', 0, '0.00', '0.00'),
(467, '7276-2471-3W-C', NULL, 'Protector', NULL, 'BLACK,PPC616WT,150B,PASI', '1', '1', '1', '1', '1', '24.2000', 210, 0, '2', 0, '0.00', '0.00'),
(468, '7276-2475-3W-C', NULL, 'Protector	', NULL, 'BLACK,PPBF970A1-8,150B,PASI', '1', '1', '1', '1', '1', '99.7000', 12, 0, '2', 0, '0.00', '0.00'),
(469, '7276-2480-3W-C', NULL, 'Protector', NULL, 'BLACK,PPBF970A1-8,150B,PASI', '1', '1', '1', '1', '1', '87.8000', 16, 0, '2', 0, '0.00', '0.00'),
(470, '7276-2482-3W-C', NULL, 'Protector', NULL, 'BLACK,PA66A3W,150B,PASI', '1', '1', '1', '1', '1', '144.0000', 16, 0, '2', 0, '0.00', '0.00'),
(471, '7276-2484-3W-C', NULL, 'Protector	', NULL, 'BLACK,PA66A3W,150B,PASI', '1', '1', '1', '1', '1', '131.9000', 20, 0, '2', 0, '0.00', '0.00'),
(472, '7276-2485-3W-C', NULL, 'Protector', NULL, 'BLACK,PA66A3W,150B,PASI', '1', '1', '1', '1', '1', '63.8000', 42, 0, '2', 0, '0.00', '0.00'),
(473, '7276-3732-3W-C', NULL, 'Protector', NULL, 'BLACK,PPBF970A1-8,150B,PASI', '1', '1', '1', '1', '1', '25.8000', 210, 0, '2', 0, '0.00', '0.00'),
(474, '7276-5262-3W-C', NULL, 'Protector	', NULL, 'BLACK,PPBF970A1-2,3M0,PASI', '1', '1', '10', '1', '1', '66.0000', 40, 0, '2', 0, '0.00', '0.00'),
(475, '7284-6030-3W-C', NULL, 'Protector', NULL, 'BLACK,PA66FR250,T-Project,PASI', '1', '1', '9', '1', '1', '60.0000', 50, 0, '2', 0, '0.00', '0.00'),
(476, '7284-6032-3W-C', NULL, 'Protector', NULL, 'BLACK,PA66FR250,T-Project,PASI', '1', '1', '9', '1', '1', '32.2000', 200, 0, '2', 0, '0.00', '0.00'),
(477, '7284-9442-3W-C', NULL, 'Protector', NULL, 'BLACK,PA66A3W,T-PROJECT,PASI', '1', '1', '9', '1', '1', '85.8000', 50, 0, '2', 0, '0.00', '0.00'),
(478, '7284-9444-3W-C', NULL, 'Protector', NULL, 'BLACK,PA66A3W,T-PROJECT,PASI', '1', '1', '9', '1', '1', '84.9000', 50, 0, '2', 0, '0.00', '0.00'),
(479, '7284-9830-3W-C', NULL, 'Protector', NULL, 'BLACK,PA66A3W,T-Project,PASI', '1', '1', '9', '1', '1', '61.3000', 40, 0, '2', 0, '0.00', '0.00'),
(480, '6910-8534-SJP', NULL, 'Bracket', NULL, 'NATURAL,PBT-2002,D26A,SJP,EXP', '1', '1', '13', '1', '3', '11.8000', 200, 0, '2', 0, '0.00', '0.00'),
(481, '6910-8535-SJP', NULL, 'Bracket', NULL, 'NATURAL,PBT-2002,D26A,SJP,EXP', '1', '1', '13', '1', '3', '8.5000', 200, 0, '2', 0, '0.00', '0.00'),
(482, '7142-6243-51-SJP', NULL, 'Protector', NULL, 'ORANGE,PPBJ550-3,T-PROJECT,SJP,EXP', '1', '1', '9', '1', '3', '3.4500', 1600, 0, '2', 0, '0.00', '0.00'),
(483, '7152-5603-30-SJP', NULL, 'Connector Holder', NULL, 'BLACK,PPBF970AI-7,665B,SJP,EXP', '1', '1', '12', '1', '3', '15.2000', 480, 0, '2', 0, '0.00', '0.00'),
(484, '7154-7542-30-SJP', NULL, 'RB Cover', NULL, 'BLACK,PPTC426BT,T-Project,SJP,EXP', '1', '1', '9', '1', '3', '77.3000', 30, 0, '2', 0, '0.00', '0.00'),
(485, '7154-7618-30-SJP', NULL, 'RB Cover', NULL, 'BLACK,PPTC426BT,T-Project,SJP,EXP', '1', '1', '9', '1', '3', '82.9000', 30, 0, '2', 0, '0.00', '0.00'),
(486, '7171-6330-30-SJP', NULL, 'Protector', NULL, 'BLACK,PPBF970A1-8,400B,SJP,EXP', '1', '1', '3', '1', '3', '15.8000', 500, 0, '2', 0, '0.00', '0.00'),
(487, '7171-6334-30-SJP', NULL, 'Protector', NULL, 'BLACK,PBT-1100-204B,400B,SJP,EXP', '1', '1', '3', '1', '3', '4.2000', 2000, 0, '2', 0, '0.00', '0.00'),
(488, '7171-6335-30-SJP', NULL, 'Protector', NULL, 'BLACK,PBT-1100-204B,400B,SJP,EXP', '1', '1', '3', '1', '3', '3.9000', 2000, 0, '2', 0, '0.00', '0.00'),
(489, '7171-6395-30-SJP', NULL, 'Protector', NULL, 'BLACK,PA66+TPE(TR161),775B,SJP', '1', '1', '7', '1', '3', '50.4000', 128, 0, '2', 0, '0.00', '0.00'),
(490, '7171-6396-30-SJP', NULL, 'Protector', NULL, 'BLACK,PA66+TPE(TR161),775B,SJP', '1', '1', '7', '1', '3', '13.8000', 300, 0, '2', 0, '0.00', '0.00'),
(491, '7173-3016-30-SJP', NULL, 'Protector', NULL, 'BLACK,PPBJ500-1,T-Project,SJP,EXP', '1', '1', '9', '1', '3', '21.0000', 80, 0, '2', 0, '0.00', '0.00'),
(492, '7173-3018-30-SJP', NULL, 'Protector', NULL, 'BLACK,PPBJ500-1,T-Project,SJP,EXP', '1', '1', '9', '1', '3', '21.6000', 80, 0, '2', 0, '0.00', '0.00'),
(493, '7176-0190-30-SJP', NULL, 'Protector', NULL, 'BLACK,PPBF970A1-8,150B,SJP,EXP', '1', '1', '1', '1', '3', '44.6000', 65, 0, '2', 0, '0.00', '0.00'),
(494, '7176-0192-30-SJP', NULL, 'Protector', NULL, 'BLACK,PPBF970A1-8,150B,SJP,EXP', '1', '1', '1', '1', '3', '24.9000', 250, 0, '2', 0, '0.00', '0.00'),
(495, '7176-0194-30-SJP', NULL, 'Protector', NULL, 'BLACK,PPBF970A1-8,150B,SJP,EXP', '1', '1', '1', '1', '3', '40.8000', 73, 0, '2', 0, '0.00', '0.00'),
(496, '7176-0196-30-SJP', NULL, 'Protector', NULL, 'BLACK,PPBF970A1-8,150B,SJP,EXP', '1', '1', '1', '1', '3', '18.3000', 260, 0, '2', 0, '0.00', '0.00'),
(497, '7176-0198-30-SJP', NULL, 'Protector', NULL, 'BLACK,PPBF970A1-8,150B,SJP,EXP', '1', '1', '1', '1', '3', '24.0000', 220, 0, '2', 0, '0.00', '0.00'),
(498, '7176-0202-30-SJP', NULL, 'Protector', NULL, 'BLACK,PPBF970A1-8,150B,SJP,EXP', '1', '1', '1', '1', '3', '24.8000', 224, 0, '2', 0, '0.00', '0.00'),
(499, '7176-0205-30-SJP', NULL, 'Protector', NULL, 'BLACK,PPBF970AI-8,150B,SJP,EXP', '1', '1', '1', '1', '3', '45.4000', 40, 0, '2', 0, '0.00', '0.00'),
(500, '7176-0206-30-SJP', NULL, 'Protector', NULL, 'BLACK,PPBF970A1-8,150B,SJP,EXP', '1', '1', '1', '1', '3', '16.1500', 400, 0, '2', 0, '0.00', '0.00'),
(501, '7176-0208-30-SJP', NULL, 'Protector', NULL, 'BLACK,PPBF970A1-8,150B,SJP,EXP', '1', '1', '1', '1', '3', '10.8000', 450, 0, '2', 0, '0.00', '0.00'),
(502, '7176-0452-30-SJP', NULL, 'Protector', NULL, 'BLACK,PA66A3W,T-Project,SJP,EXP', '1', '1', '9', '1', '3', '21.5000', 160, 0, '2', 0, '0.00', '0.00'),
(503, '7176-2272-30-SJP', NULL, 'Protector', NULL, 'BLACK,PPBF970A1-8,150B,SJP,EXP', '1', '1', '1', '1', '3', '24.3500', 120, 0, '2', 0, '0.00', '0.00'),
(504, '7176-2274-30-SJP', NULL, 'Protector', NULL, 'BLACK,PA66A3W,150B,SJP,EXP', '1', '1', '1', '1', '3', '23.7000', 174, 0, '2', 0, '0.00', '0.00'),
(505, '7176-2275-30-SJP', NULL, 'Protector', NULL, 'BLACK,PPBF970A1-8,150B,SJP,EXP', '1', '1', '1', '1', '3', '15.6000', 390, 0, '2', 0, '0.00', '0.00'),
(506, '7176-2448-30-SJP', NULL, 'Protector', NULL, 'BLACK,PPBF970A1-8,150B,SJP,EXP', '1', '1', '1', '1', '3', '20.4000', 196, 0, '2', 0, '0.00', '0.00'),
(507, '7176-2450-30-SJP', NULL, 'Protector', NULL, 'BLACK,PPBF970A1-8,150B,SJP,EXP', '1', '1', '1', '1', '3', '14.4000', 300, 0, '2', 0, '0.00', '0.00'),
(508, '7176-2452-30-SJP', NULL, 'Protector', NULL, 'BLACK,PA66A3W,150B,SJP,EXP', '1', '1', '1', '1', '3', '32.7500', 175, 0, '2', 0, '0.00', '0.00'),
(509, '7176-2454-30-A-SJP', NULL, 'Protector', NULL, 'BLACK,PA66A3W,150B,SJP,EXP', '1', '1', '1', '1', '3', '63.1000', 80, 0, '2', 0, '0.00', '0.00'),
(510, '7176-2469-30-SJP', NULL, 'Protector', NULL, 'BLACK,PPBF970A1-8,150B,SJP,EXP', '1', '1', '1', '1', '3', '35.7000', 110, 0, '2', 0, '0.00', '0.00'),
(511, '7176-2470-30-SJP', NULL, 'Protector', NULL, 'BLACK,PPBF970A1-8,150B,SJP,EXP', '1', '1', '1', '1', '3', '6.1000', 1200, 0, '2', 0, '0.00', '0.00'),
(512, '7176-2472-30-SJP', NULL, 'Protector', NULL, 'BLACK,PPBF970A1-8,150B,SJP,EXP', '1', '1', '1', '1', '3', '8.9000', 600, 0, '2', 0, '0.00', '0.00'),
(513, '7176-2476-30-SJP', NULL, 'Protector', NULL, 'BLACK,PPBF970A1-8,150B,SJP,EXP', '1', '1', '1', '1', '3', '48.7000', 100, 0, '2', 0, '0.00', '0.00'),
(514, '7176-2479-30-SJP', NULL, 'Protector', NULL, 'BLACK,PPBF970A1-8,150B,SJP,EXP', '1', '1', '1', '1', '3', '8.4000', 800, 0, '2', 0, '0.00', '0.00'),
(515, '7176-2481-30-SJP', NULL, 'Protector', NULL, 'BLACK,PPBF970A1-8,150B,SJP,EXP', '1', '1', '1', '1', '3', '49.3000', 48, 0, '2', 0, '0.00', '0.00'),
(516, '7176-2483-30-SJP', NULL, 'Protector', NULL, 'BLACK,PA66A3W,150B,SJP,EXP', '1', '1', '1', '1', '3', '59.8000', 160, 0, '2', 0, '0.00', '0.00'),
(517, '7176-2488-30-SJP', NULL, 'Protector', NULL, 'BLACK,PPBF970A1-8,150B,SJP,EXP', '1', '1', '1', '1', '3', '10.7500', 400, 0, '2', 0, '0.00', '0.00'),
(518, '7176-3540-30-SJP', NULL, 'Protector', NULL, 'BLACK,PPBF970A1-8,400B,SJP,EXP', '1', '1', '3', '1', '3', '9.2000', 840, 0, '2', 0, '0.00', '0.00'),
(519, '7176-4122-30-SJP', NULL, 'Protector', NULL, 'BLACK,PA66A3W,400B,SJP,EXP', '1', '1', '3', '1', '3', '27.7000', 280, 0, '2', 0, '0.00', '0.00'),
(520, '7176-4683-30-SJP', NULL, 'Protector', NULL, 'BLACK,PA66A3W,400B,SJP,EXP', '1', '1', '3', '1', '3', '12.5000', 960, 0, '2', 0, '0.00', '0.00'),
(521, '7176-4684-30-SJP', NULL, 'Protector', NULL, 'BLACK,PPBF970A1-8,400B,SJP,EXP', '1', '1', '3', '1', '3', '4.2000', 1500, 0, '2', 0, '0.00', '0.00'),
(522, '7176-4735-30-SJP', NULL, 'Protector', NULL, 'BLACK,PA66+TPE(TR161),775B,SJP,EXP', '1', '1', '7', '1', '3', '18.8000', 200, 0, '2', 0, '0.00', '0.00'),
(523, '7176-4736-30-SJP', NULL, 'Protector', NULL, 'BLACK,PA66+TPE(TR161),775B,SJP,EXP', '1', '1', '7', '1', '3', '8.4000', 450, 0, '2', 0, '0.00', '0.00'),
(524, '7176-5558-30-SJP', NULL, 'Protector', NULL, 'BLACK,PPBF970A1-7,D26A,SJP,EXP', '1', '1', '13', '1', '3', '18.0000', 144, 0, '2', 0, '0.00', '0.00'),
(525, '7176-5559-30-SJP', NULL, 'Protector', NULL, 'BLACK,PPBF970A1-7,D26A,SJP,EXP', '1', '1', '13', '1', '3', '9.0000', 630, 0, '2', 0, '0.00', '0.00'),
(526, '7176-5598-SJP', NULL, 'Protector', NULL, 'NATURAL,PPBF970A1,670B,PASI', '1', '1', '4', '1', '3', '44.0000', 330, 0, '2', 0, '0.00', '0.00'),
(527, '7176-5600-SJP', NULL, 'Protector', NULL, 'NATURAL,PPBF970A1,670B,PASI', '1', '1', '4', '1', '3', '15.8000', 390, 0, '2', 0, '0.00', '0.00'),
(528, '7184-6031-30-SJP', NULL, 'Protector', NULL, 'BLACK,PPA66FR250,T-Project,SJP,EXP', '1', '1', '9', '1', '3', '28.8000', 200, 0, '2', 0, '0.00', '0.00'),
(529, '7184-6033-30-SJP', NULL, 'Protector', NULL, 'BLACK,PPA66FR250,T-Project,SJP,EXP', '1', '1', '9', '1', '3', '12.8000', 500, 0, '2', 0, '0.00', '0.00'),
(530, '7184-9603-SJP', NULL, 'Protector', NULL, 'NATURAL,PPBJ500,T-PROJECT,SJP,EXP', '1', '1', '9', '1', '3', '36.1000', 180, 0, '2', 0, '0.00', '0.00'),
(531, '7185-0273-51-SJP', NULL, 'Protector', NULL, 'ORANGE,PPBJ550-3,T-PROJECT,SJP,EXP', '1', '1', '9', '1', '3', '3.4000', 1600, 0, '2', 0, '0.00', '0.00'),
(532, '7242-6339-30-SJP', NULL, 'BBM', NULL, 'BLACK,PPBJ550-4,T-Project,SJP,EXP', '1', '1', '9', '1', '3', '163.2800', 40, 0, '2', 0, '0.00', '0.00'),
(533, '7242-6340-30-SJP', NULL, 'BBM', NULL, 'BLACK,PPBJ550-4,T-Project,SJP,EXP', '1', '1', '9', '1', '3', '163.2800', 40, 0, '2', 0, '0.00', '0.00'),
(534, '7254-0955-30-SJP', NULL, 'RB Base', NULL, 'BLACK,PA66+PPE GTX951W,T-Project,PASI,EXP', '1', '1', '9', '1', '3', '33.0000', 120, 0, '2', 0, '0.00', '0.00'),
(535, '7271-1884-3W-SJP', NULL, 'RB Frame', NULL, 'BLACK,PPTD10,570B,SJP,EXP', '1', '1', '11', '1', '3', '276.2000', 10, 0, '2', 0, '0.00', '0.00'),
(536, '7271-1888-3W-SJP', NULL, 'RB Frame', NULL, 'BLACK,PPTD10,570B,SJP,EXP', '1', '1', '11', '1', '3', '285.8000', 10, 0, '2', 0, '0.00', '0.00'),
(537, '7271-2146-3W-SJP', NULL, 'RB FRAME', NULL, 'BLACK,PPTD10,670B,SJP,EXP', '1', '1', '4', '1', '3', '475.0000', 4, 0, '2', 0, '0.00', '0.00'),
(538, '7271-6331-3W-SJP', NULL, 'Protector', NULL, 'BLACK,PPBF970A1-5,400B,SJP,EXP', '1', '1', '3', '1', '3', '8.9000', 900, 0, '2', 0, '0.00', '0.00'),
(539, '7271-8354-3W-SJP', NULL, 'RB COVER', NULL, 'BLACK,PPTD10,670B,SJP,EXP', '1', '1', '4', '1', '3', '153.0000', 16, 0, '2', 0, '0.00', '0.00'),
(540, '7273-3015-3W-SJP', NULL, 'Protector', NULL, 'BLACK,PPBJ500-1,T-Project,SJP,EXP', '1', '1', '9', '1', '3', '56.2000', 40, 0, '2', 0, '0.00', '0.00'),
(541, '7273-3017-3W-SJP', NULL, 'Protector', NULL, 'BLACK,PPBJ500-1,T-Project,PASI,EXP', '1', '1', '9', '1', '3', '28.5000', 40, 0, '2', 0, '0.00', '0.00'),
(542, '7276-0191-3W-SJP', NULL, 'Protector', NULL, 'BLACK,PPBF970A1-8,150B,SJP,EXP', '1', '1', '1', '1', '3', '59.2000', 35, 0, '2', 0, '0.00', '0.00'),
(543, '7276-0207-3W-SJP', NULL, 'Protector', NULL, 'BLACK,PPBF970A1-8,150B,SJP,EXP', '1', '1', '1', '1', '3', '19.8000', 255, 0, '2', 0, '0.00', '0.00'),
(544, '7276-0615-3W-SJP', NULL, 'Protector', NULL, 'BLACK,PPBF970A1-8,150B,SJP,EXP', '1', '1', '1', '1', '3', '104.1000', 16, 0, '2', 0, '0.00', '0.00'),
(545, '7276-0616-3W-SJP', NULL, 'Protector', NULL, 'BLACK,PPBF970A1-8,150B,SJP,EXP', '1', '1', '1', '1', '3', '78.1000', 20, 0, '2', 0, '0.00', '0.00'),
(546, '7276-0617-3W-SJP', NULL, 'Protector', NULL, 'BLACK,PPBF970AI-5,150B,SJP,EXP', '1', '1', '1', '1', '3', '47.4000', 60, 0, '2', 0, '0.00', '0.00'),
(547, '7276-0618-3W-SJP', NULL, 'Protector', NULL, 'BLACK,PPBF970A1-8,150B,SJP,EXP', '1', '1', '1', '1', '3', '64.4000', 30, 0, '2', 0, '0.00', '0.00'),
(548, '7276-0620-3W-SJP', NULL, 'Protector', NULL, 'BLACK,PPBF970A1-8,150B,SJP,EXP', '1', '1', '1', '1', '3', '57.0000', 48, 0, '2', 0, '0.00', '0.00'),
(549, '7276-2271-3W-SJP', NULL, 'Protector', NULL, 'BLACK,PPBF970A1-8,150B,SJP,EXP', '1', '1', '1', '1', '3', '60.9000', 24, 0, '2', 0, '0.00', '0.00'),
(550, '7276-2273-3W-SJP', NULL, 'Protector', NULL, 'BLACK,PA66A3W,150B,SJP,EXP', '1', '1', '1', '1', '3', '55.9000', 80, 0, '2', 0, '0.00', '0.00'),
(551, '7276-2447-3W-SJP', NULL, 'Protector', NULL, 'BLACK,PPBF970A1-8,150B,SJP,EXP', '1', '1', '1', '1', '3', '60.1000', 48, 0, '2', 0, '0.00', '0.00'),
(552, '7276-2449-3W-SJP', NULL, 'Protector', NULL, 'BLACK,PPBF970A1-8,150B,SJP,EXP', '1', '1', '1', '1', '3', '58.5000', 55, 0, '2', 0, '0.00', '0.00'),
(553, '7276-2451-3W-SJP', NULL, 'Protector', NULL, 'BLACK,PA66A3W,150B,SJP,EXP', '1', '1', '1', '1', '3', '103.8000', 20, 0, '2', 0, '0.00', '0.00'),
(554, '7276-2453-3W-A-SJP', NULL, 'Protector', NULL, 'BLACK,PA66A3W,150B,SJP,EXP', '1', '1', '1', '1', '3', '171.2000', 12, 0, '2', 0, '0.00', '0.00'),
(555, '7276-2468-3W-SJP', NULL, 'Protector', NULL, 'BLACK,PPBF970A1-8,150B,SJP,EXP', '1', '1', '1', '1', '3', '69.2000', 18, 0, '2', 0, '0.00', '0.00'),
(556, '7276-2471-3W-SJP', NULL, 'Protector', NULL, 'BLACK,PPC616WT,150B,SJP,EXP', '1', '1', '1', '1', '3', '24.2000', 210, 0, '2', 0, '0.00', '0.00'),
(557, '7276-2475-3W-SJP', NULL, 'Protector', NULL, 'BLACK,PPBF970A1-8,150B,SJP,EXP', '1', '1', '1', '1', '3', '99.7000', 12, 0, '2', 0, '0.00', '0.00'),
(558, '7276-2480-3W-SJP', NULL, 'Protector', NULL, 'BLACK,PPBF970A1-8,150B,SJP,EXP', '1', '1', '1', '1', '3', '87.8000', 16, 0, '2', 0, '0.00', '0.00'),
(559, '7276-2482-3W-SJP', NULL, 'Protector', NULL, 'BLACK,PA66A3W,150B,SJP,EXP', '1', '1', '1', '1', '3', '144.0000', 16, 0, '2', 0, '0.00', '0.00'),
(560, '7276-2484-3W-SJP', NULL, 'Protector', NULL, 'BLACK,PA66A3W,150B,SJP,EXP', '1', '1', '1', '1', '3', '131.9000', 20, 0, '2', 0, '0.00', '0.00'),
(561, '7276-2485-3W-SJP', NULL, 'Protector', NULL, 'BLACK,PA66A3W,150B,SJP,EXP', '1', '1', '1', '1', '3', '63.8000', 42, 0, '2', 0, '0.00', '0.00'),
(562, '7276-3732-3W-SJP', NULL, 'Protector', NULL, 'BLACK,PPBF970A1-8,150B,SJP,EXP', '1', '1', '1', '1', '3', '25.8000', 210, 0, '2', 0, '0.00', '0.00'),
(563, '7276-5592-0W-SJP', NULL, 'Protector', NULL, 'NATURAL,PPBF970A1,670B,PASI', '1', '1', '4', '1', '3', '43.2000', 168, 0, '2', 0, '0.00', '0.00'),
(564, '7284-6030-3W-SJP', NULL, 'Protector', NULL, 'BLACK,PA66FR250,T-Project,SJP,EXP', '1', '1', '9', '1', '3', '60.0000', 50, 0, '2', 0, '0.00', '0.00'),
(565, '7284-6032-3W-SJP', NULL, 'Protector', NULL, 'BLACK,PA66FR250,T-Project,PASI,EXP', '1', '1', '9', '1', '3', '32.2000', 200, 0, '2', 0, '0.00', '0.00'),
(566, '7284-9830-3W-SJP', NULL, 'Protector', NULL, 'BLACK,PA66A3W,T-Project,PASI', '1', '1', '9', '1', '3', '61.3000', 40, 0, '2', 0, '0.00', '0.00'),
(567, 'MMPA66103FHS', NULL, 'Mixed material', NULL, 'Black, Mixed Material, PA66103FHS', '2', '2', NULL, '1', NULL, NULL, NULL, NULL, '5', 1, '1.00', '0.00'),
(568, 'MMPA66A3W-1', NULL, 'Mixed Material', NULL, 'Black,Mixed Material, PA66A3W 100:10', '2', '2', '', '1', '', '0.0000', 0, NULL, '5', 1, '0.00', '0.10'),
(569, 'MMPA66A3W-2', NULL, 'Mixed Material', NULL, 'Black,Mixed Material,PA66A3W,100:20', '2', '2', '', '1', '', '0.0000', 0, NULL, '5', 100, '0.00', '20.00'),
(570, 'MMPBT-1100-204B', NULL, 'Mixed material', NULL, 'Black, Mixed Material, PBT-1100-204B (100:10)', '2', '2', NULL, '1', NULL, NULL, NULL, NULL, '5', 100, '10.00', '0.00'),
(571, 'MMPBT-1100-204B-1', NULL, 'Mixed Material', NULL, 'Black, Mixed Material, PBT-1100-204B (100:20)', '2', '2', '', '1', '', '0.0000', 0, NULL, '5', 100, '0.00', '20.00'),
(572, 'MMPBT-1100-204B-2', NULL, 'Mixed Material', NULL, 'Black, Mixed Material, PBT-1100-204B (100:50)', '2', '2', '', '1', '', '0.0000', 0, NULL, '5', 100, '0.00', '50.00'),
(573, 'MMPP57MNK10-1', NULL, 'Mixed material', NULL, 'Black, Mixed Material, PP57MNK10 (30) + MB PH-6728 (1)', '2', '2', NULL, '1', NULL, NULL, NULL, NULL, '5', 30, '1.00', '0.00'),
(574, 'MMPPBF970A1-1', NULL, 'Mixed material', NULL, 'Black, Mixed Material, PPBF970A1 (100) + PPM17N5998BK (5)', '2', '2', NULL, '1', NULL, NULL, NULL, NULL, '5', 100, '5.00', '0.00'),
(575, 'MMPPBF970A1-2', NULL, 'Mixed material', NULL, 'Black, Mixed Material, PPBF970A1 (30) + PH-6728 (1)', '2', '2', NULL, '1', NULL, NULL, NULL, NULL, '5', 30, '1.00', '0.00'),
(576, 'MMPPBF970A1-3', NULL, 'Mixed Material', NULL, 'Black, Mixed Material, PPBF970A1 (100) + SMTY (1.2)', '2', '2', NULL, '1', NULL, NULL, NULL, NULL, '5', 100, '1.20', '0.00'),
(577, 'MMPPBF970A1-4', NULL, 'Mixed Material', NULL, 'Black, Mixed Material, PPBF970A1 (100) + ECOMA A-FR41 (5)', '2', '2', NULL, '1', NULL, NULL, NULL, NULL, '5', 100, '5.00', '0.00'),
(578, 'MMPPBF970A1-5', NULL, 'Mixed material', NULL, 'Black, Mixed Material, PPBF970A1(100)+ECOMA  A-FR46(5)', '2', '2', NULL, '1', NULL, NULL, NULL, NULL, '5', 100, '5.00', '0.00'),
(579, 'MMPPBF970A1-6', NULL, 'Mixed material', NULL, 'Black, Mixed Material, PPBF970A1(100)+CM110(1.2)', '2', '2', NULL, '1', NULL, NULL, NULL, NULL, '5', 100, '1.20', '0.00'),
(580, 'MMPPBF970A1-7', NULL, 'Mixed Material', NULL, 'Black, Mixed Material, PPBF970A1(50) + PH-6728 (1)', '2', '2', NULL, '1', NULL, NULL, NULL, NULL, '5', 50, '1.00', '0.00'),
(581, 'MMPPBF970A1-8', NULL, 'Mixed Material Regrind', NULL, 'Black,Mixed Regrirnd,PPBF970A1(100)+MBECOMA_A-FR46(5)+RGM(10)', '2', '2', '', '1', '', '0.0000', 0, NULL, '5', 100, '10.00', '5.00'),
(582, 'MMPPBF970A1-9', NULL, 'Mixed material', NULL, 'BLack, Mixed Material, PPBF970A1(50) + PE4005(1)', '2', '2', NULL, '1', NULL, NULL, NULL, NULL, '5', 50, '1.00', '0.00'),
(583, 'MMPPBJ500-1', NULL, 'Mixed material', NULL, 'BK,PPBJ500 (30) + MB PH-6728 (1)', '2', '2', NULL, '1', NULL, NULL, NULL, NULL, '5', 30, '1.00', '0.00'),
(584, 'MMPPBJ550-1', NULL, 'Mixed material', NULL, 'Black, Mixed Material, PPBJ550 (100) + SMTY (1.2)', '2', '2', NULL, '1', NULL, NULL, NULL, NULL, '5', 100, '1.20', '0.00'),
(585, 'MMPPBJ550-2', NULL, 'Mixed material', NULL, 'BK,PPBJ550 (25) + MB EP-1991-20A (1)', '2', '2', NULL, '1', NULL, NULL, NULL, NULL, '5', 25, '1.00', '0.00'),
(586, 'MMPPBJ550-3', NULL, 'Mixed material', NULL, 'BK,PPBJ550 (50) + MB EP-1991-20A (1)', '2', '2', NULL, '1', NULL, NULL, NULL, NULL, '5', 50, '1.00', '0.00'),
(587, 'MMPPBJ550-4', NULL, 'Mixed material', NULL, 'BK,PPBJ550 (50) + MB PH-6728 (1)', '2', '2', NULL, '1', NULL, NULL, NULL, NULL, '5', 50, '1.00', '0.00'),
(588, 'MMPPC616WT-2', NULL, 'Mixed Material', NULL, 'Black, Mixed Material, PPC616WT (100:10)', '2', '2', '', '1', '', '0.0000', 0, NULL, '5', 1, '0.00', '0.10'),
(589, 'MMPPC616WT-3', NULL, 'Mixed Material', NULL, 'Black, Mixed Material, PPC616WT (100:25)', '2', '2', NULL, '1', NULL, NULL, NULL, NULL, '5', 100, '25.00', '0.00'),
(590, 'MMPPJ715M-1', NULL, 'Mixed material', NULL, 'BK,PPJ715M (30) + MB PH-6728 (1)', '2', '2', NULL, '1', NULL, NULL, NULL, NULL, '5', 30, '1.00', '0.00'),
(591, 'ZYLBPA66103HSL-13', NULL, 'Mixed material', NULL, 'Black, Mixed material PA66', '2', '2', NULL, '1', NULL, NULL, NULL, NULL, '5', 1, '1.00', '0.00'),
(592, 'R-PA66A3W', NULL, 'Regrind', NULL, 'REGRIND, BLACK,PA66AW', '2', '2', '', '1', '', '0.0000', 0, 0, '6', 0, '0.00', '0.00'),
(593, 'R-PPC616WT', NULL, 'Regrind', NULL, 'REGRIND, BLACK, PPC616WT', '2', '2', '', '1', '', '0.0000', 0, 0, '6', 0, '0.00', '0.00'),
(594, 'R-PA66103FHS', NULL, 'Regrind', NULL, 'REGRIND, BLACK, PA66103FHS', '2', '2', '', '1', '', '0.0000', 0, 0, '6', 0, '0.00', '0.00'),
(595, 'R-PBT-1100-204B', NULL, 'Regrind', NULL, 'REGRIND, BLACK, PBT-1100-204B', '2', '2', '', '1', '', '0.0000', 0, 0, '6', 0, '0.00', '0.00'),
(596, 'R-PPBF970A1-1', NULL, 'Regrind', NULL, 'REGRIND, BLACK, PPBF970A1-1', '2', '2', '', '1', '', '0.0000', 0, 0, '6', 0, '0.00', '0.00'),
(597, 'R-PPBF970A1-2', NULL, 'Regrind', NULL, 'REGRIND, BLACK, PPBF970AI + MB Ecoma A-FR46', '2', '2', '', '1', '', '0.0000', 0, 0, '6', 0, '0.00', '0.00'),
(598, 'IAP7145-0295-0W', NULL, 'Metal Collar Ring', NULL, '7145-0295-0W', '3', '1', '', '1', '', '0.0000', 0, 0, '', 0, '0.00', '0.00'),
(599, 'IAP7145-0294-W3', NULL, 'Metal Collar Ring', NULL, '7145-0294-W3', '3', '1', '', '1', '', '0.0000', 0, 0, '', 0, '0.00', '0.00');

-- --------------------------------------------------------

--
-- Table structure for table `mixing`
--

CREATE TABLE `mixing` (
  `id` int(11) NOT NULL,
  `kode` varchar(25) NOT NULL,
  `material` varchar(11) DEFAULT NULL,
  `qty` decimal(11,2) DEFAULT NULL,
  `satuan` varchar(11) DEFAULT NULL,
  `status` varchar(1) DEFAULT NULL,
  `use_status` varchar(1) DEFAULT NULL
) ENGINE=InnoDB DEFAULT CHARSET=utf8mb4;

--
-- Dumping data for table `mixing`
--

INSERT INTO `mixing` (`id`, `kode`, `material`, `qty`, `satuan`, `status`, `use_status`) VALUES
(2, 'MMPA66A3W-1', '568', '1.10', '2', '0', '0'),
(3, 'MMPPC616WT-2', '588', '1.10', '2', '0', '0'),
(4, 'MMPBT-1100-204B-1', '571', '120.00', '2', '0', '0'),
(5, 'MMPBT-1100-204B-2', '572', '150.00', '2', '0', '0'),
(6, 'MMPP57MNK10-1', '573', '31.00', '2', '0', '0'),
(7, 'MMPPBF970A1-1', '574', '105.00', '2', '0', '0'),
(8, 'MMPPBF970A1-2', '575', '31.00', '2', '0', '0'),
(9, 'MMPPBF970A1-3', '576', '101.20', '2', '0', '0'),
(10, 'MMPPBF970A1-4', '577', '105.00', '2', '0', '0'),
(11, 'MMPPBF970A1-5', '578', '105.00', '2', '0', '0'),
(12, 'MMPPBF970A1-6', '579', '101.20', '2', '0', '0'),
(13, 'MMPPBF970A1-7', '580', '51.00', '2', '0', '0'),
(14, 'MMPPBF970A1-8', '581', '115.00', '2', '0', '0'),
(15, 'MMPPBF970A1-9', '582', '51.00', '2', '0', '0'),
(16, 'MMPPBJ500-1', '583', '31.00', '2', '0', '0'),
(17, 'MMPPBJ550-1', '584', '101.20', '2', '0', '0'),
(18, 'MMPPBJ550-2', '585', '26.00', '2', '0', '0'),
(19, 'MMPPBJ550-3', '586', '51.00', '2', '0', '0'),
(20, 'MMPPBJ550-4', '587', '51.00', '2', '0', '0'),
(21, 'MMPPC616WT-3', '589', '125.00', '2', '0', '0'),
(22, 'MMPPJ715M-1', '590', '31.00', '2', '0', '0');

-- --------------------------------------------------------

--
-- Table structure for table `mixing_child`
--

CREATE TABLE `mixing_child` (
  `id` int(11) NOT NULL,
  `material` varchar(11) NOT NULL,
  `qty` decimal(11,2) NOT NULL,
  `satuan` varchar(11) NOT NULL,
  `transID` varchar(11) NOT NULL
) ENGINE=InnoDB DEFAULT CHARSET=utf8mb4;

--
-- Dumping data for table `mixing_child`
--

INSERT INTO `mixing_child` (`id`, `material`, `qty`, `satuan`, `transID`) VALUES
(1, '62', '1.00', '2', '2'),
(2, '592', '0.10', '2', '2'),
(3, '75', '1.00', '2', '3'),
(4, '593', '0.10', '2', '3'),
(5, '65', '100.00', '2', '4'),
(6, '595', '20.00', '2', '4'),
(7, '65', '100.00', '2', '5'),
(8, '595', '50.00', '2', '5'),
(9, '69', '30.00', '2', '6'),
(10, '88', '1.00', '2', '6'),
(11, '71', '100.00', '2', '7'),
(12, '89', '5.00', '2', '7'),
(13, '71', '30.00', '2', '8'),
(14, '88', '1.00', '2', '8'),
(15, '71', '100.00', '2', '9'),
(16, '90', '1.20', '2', '9'),
(17, '71', '100.00', '2', '10'),
(18, '82', '5.00', '2', '10'),
(19, '71', '100.00', '2', '11'),
(20, '83', '5.00', '2', '11'),
(21, '71', '100.00', '2', '12'),
(22, '81', '1.20', '2', '12'),
(23, '71', '50.00', '2', '13'),
(24, '88', '1.00', '2', '13'),
(25, '71', '100.00', '2', '14'),
(26, '83', '10.00', '2', '14'),
(27, '597', '5.00', '2', '14'),
(28, '71', '50.00', '2', '15'),
(29, '86', '1.00', '2', '15'),
(30, '72', '30.00', '2', '16'),
(31, '87', '1.00', '2', '16'),
(32, '73', '100.00', '2', '17'),
(33, '90', '1.20', '2', '17'),
(34, '73', '25.00', '2', '18'),
(35, '84', '1.00', '2', '18'),
(36, '73', '50.00', '2', '19'),
(37, '84', '1.00', '2', '19'),
(38, '73', '50.00', '2', '20'),
(39, '88', '1.00', '2', '20'),
(40, '75', '100.00', '2', '21'),
(41, '593', '0.00', '2', '21'),
(42, '76', '30.00', '2', '22'),
(43, '88', '1.00', '2', '22');

-- --------------------------------------------------------

--
-- Table structure for table `project`
--

CREATE TABLE `project` (
  `id` int(11) NOT NULL,
  `kode` varchar(25) NOT NULL,
  `nama` varchar(255) DEFAULT NULL,
  `status` varchar(1) DEFAULT NULL
) ENGINE=InnoDB DEFAULT CHARSET=latin1;

--
-- Dumping data for table `project`
--

INSERT INTO `project` (`id`, `kode`, `nama`, `status`) VALUES
(1, '150B', '150B', '1'),
(2, 'D55L', 'D55L', '1'),
(3, '400B', '400B', '1'),
(4, '670B', '670B', '1'),
(5, 'XC2B', 'XC2B', '1'),
(6, 'MS2', 'MS2', '1'),
(7, '775B', '775B', '1'),
(8, '600B', '600B', '1'),
(9, 'T-PROJECT', 'T-Project', '1'),
(10, '3M0', '3M0', '1'),
(11, '570B', '570B', '1'),
(12, '665B', '665B', '1'),
(13, 'D26A', 'D26A', '1');

-- --------------------------------------------------------

--
-- Table structure for table `satuan`
--

CREATE TABLE `satuan` (
  `id` int(11) NOT NULL,
  `kode` varchar(15) NOT NULL,
  `nama` varchar(15) NOT NULL,
  `status` varchar(1) NOT NULL
) ENGINE=InnoDB DEFAULT CHARSET=latin1;

--
-- Dumping data for table `satuan`
--

INSERT INTO `satuan` (`id`, `kode`, `nama`, `status`) VALUES
(1, 'PCS', 'Pcs', '1'),
(2, 'KG', 'Kg', '1'),
(3, 'M', 'Meter', '1'),
(4, 'UNIT(S)', 'Unit', '1'),
(5, 'BOX', 'Box', '1');

--
-- Indexes for dumped tables
--

--
-- Indexes for table `bom`
--
ALTER TABLE `bom`
  ADD PRIMARY KEY (`id`,`kode`);

--
-- Indexes for table `bom_child`
--
ALTER TABLE `bom_child`
  ADD PRIMARY KEY (`id`);

--
-- Indexes for table `customer`
--
ALTER TABLE `customer`
  ADD PRIMARY KEY (`id`,`kode`);

--
-- Indexes for table `forecast`
--
ALTER TABLE `forecast`
  ADD PRIMARY KEY (`id`,`kode`);

--
-- Indexes for table `forecast_child`
--
ALTER TABLE `forecast_child`
  ADD PRIMARY KEY (`id`);

--
-- Indexes for table `material`
--
ALTER TABLE `material`
  ADD PRIMARY KEY (`id`,`kode`);

--
-- Indexes for table `mixing`
--
ALTER TABLE `mixing`
  ADD PRIMARY KEY (`id`,`kode`);

--
-- Indexes for table `mixing_child`
--
ALTER TABLE `mixing_child`
  ADD PRIMARY KEY (`id`);

--
-- Indexes for table `project`
--
ALTER TABLE `project`
  ADD PRIMARY KEY (`id`,`kode`);

--
-- Indexes for table `satuan`
--
ALTER TABLE `satuan`
  ADD PRIMARY KEY (`id`,`kode`);

--
-- AUTO_INCREMENT for dumped tables
--

--
-- AUTO_INCREMENT for table `bom`
--
ALTER TABLE `bom`
  MODIFY `id` int(11) NOT NULL AUTO_INCREMENT, AUTO_INCREMENT=213;

--
-- AUTO_INCREMENT for table `bom_child`
--
ALTER TABLE `bom_child`
  MODIFY `id` int(11) NOT NULL AUTO_INCREMENT, AUTO_INCREMENT=737;

--
-- AUTO_INCREMENT for table `customer`
--
ALTER TABLE `customer`
  MODIFY `id` int(11) NOT NULL AUTO_INCREMENT, AUTO_INCREMENT=5;

--
-- AUTO_INCREMENT for table `forecast`
--
ALTER TABLE `forecast`
  MODIFY `id` int(11) NOT NULL AUTO_INCREMENT, AUTO_INCREMENT=2;

--
-- AUTO_INCREMENT for table `forecast_child`
--
ALTER TABLE `forecast_child`
  MODIFY `id` int(11) NOT NULL AUTO_INCREMENT;

--
-- AUTO_INCREMENT for table `material`
--
ALTER TABLE `material`
  MODIFY `id` int(11) NOT NULL AUTO_INCREMENT, AUTO_INCREMENT=600;

--
-- AUTO_INCREMENT for table `mixing`
--
ALTER TABLE `mixing`
  MODIFY `id` int(11) NOT NULL AUTO_INCREMENT, AUTO_INCREMENT=23;

--
-- AUTO_INCREMENT for table `mixing_child`
--
ALTER TABLE `mixing_child`
  MODIFY `id` int(11) NOT NULL AUTO_INCREMENT, AUTO_INCREMENT=44;

--
-- AUTO_INCREMENT for table `project`
--
ALTER TABLE `project`
  MODIFY `id` int(11) NOT NULL AUTO_INCREMENT, AUTO_INCREMENT=14;

--
-- AUTO_INCREMENT for table `satuan`
--
ALTER TABLE `satuan`
  MODIFY `id` int(11) NOT NULL AUTO_INCREMENT, AUTO_INCREMENT=6;
COMMIT;

/*!40101 SET CHARACTER_SET_CLIENT=@OLD_CHARACTER_SET_CLIENT */;
/*!40101 SET CHARACTER_SET_RESULTS=@OLD_CHARACTER_SET_RESULTS */;
/*!40101 SET COLLATION_CONNECTION=@OLD_COLLATION_CONNECTION */;
